112,175,37,895,949,303,483,691,72,0,603,37,944,762,616,472,80,270,220,0
405,220,446,448,948,310,100,245,111,0,514,568,995,101,801,356,287,375,318,0
509,369,44,631,610,832,778,68,263,0,157,93,837,846,133,795,613,812,386,0
818,18,932,618,83,74,495,546,302,0,513,660,447,16,204,729,429,176,452,0
830,306,921,990,508,351,686,327,308,0,950,388,369,829,565,990,937,88,503,0
3,513,63,34,521,395,698,227,376,0,543,224,329,192,844,709,622,546,585,0
136,373,155,48,609,987,43,872,378,0,4,954,631,928,578,572,110,709,743,0
96,231,808,219,667,346,238,900,438,0,212,582,536,101,200,188,435,8,756,0
816,905,119,168,124,373,236,656,698,0,144,925,884,69,287,614,279,804,800,0
664,589,359,465,208,969,160,619,840,0,62,530,488,261,102,593,687,426,863,0
93,755,102,115,697,952,600,412,307,1,859,907,435,496,433,160,945,238,21,1
591,434,212,246,592,839,677,796,352,1,101,173,155,573,275,428,421,581,231,1
883,789,706,905,883,273,282,541,520,1,485,143,569,766,738,917,94,103,498,1
97,358,191,342,834,444,872,729,668,1,101,259,440,540,620,543,402,505,522,1
225,561,514,172,639,987,619,617,717,1,766,809,160,944,180,698,703,617,577,1
925,73,720,501,893,568,958,615,726,1,643,306,550,370,458,568,750,942,589,1
908,278,433,291,309,186,631,724,804,1,484,806,39,867,742,97,17,822,937,1
963,474,12,773,99,919,396,645,810,1,835,836,933,497,508,611,828,500,965,1
950,61,329,738,226,810,485,328,846,1,148,406,454,817,497,798,940,611,976,1
410,735,278,712,600,921,371,279,962,1,535,862,140,56,457,221,990,572,992,1
784,544,228,188,860,269,583,303,122,2,547,97,595,709,597,465,666,991,45,2
336,719,695,69,565,870,820,84,263,2,724,215,49,709,358,106,200,862,116,2
865,13,13,875,769,174,863,904,303,2,836,40,328,902,169,893,402,362,185,2
78,550,833,268,691,523,733,439,349,2,550,565,846,158,698,431,702,673,247,2
232,984,325,504,0,973,195,53,628,2,818,495,983,624,193,660,144,98,368,2
124,967,804,961,983,488,60,657,654,2,892,712,329,238,247,629,425,26,681,2
487,675,972,680,126,529,432,253,693,2,458,280,89,971,348,349,680,196,693,2
913,733,657,491,561,669,369,158,796,2,76,251,284,994,798,378,236,846,806,2
893,197,453,178,496,328,76,555,816,2,791,446,351,28,287,770,27,780,833,2
344,436,61,413,533,898,604,501,923,2,813,928,396,70,789,447,942,120,988,2
481,834,932,336,593,658,159,957,188,3,574,422,336,815,735,183,252,88,69,3
945,354,15,39,989,342,83,5,238,3,952,194,211,360,995,115,787,349,148,3
109,232,682,386,874,4,478,743,269,3,266,940,434,215,83,644,544,867,271,3
507,459,192,181,316,794,125,521,271,3,375,804,504,345,288,276,541,215,420,3
493,64,680,495,329,152,197,979,323,3,199,682,284,267,948,830,734,182,448,3
686,242,704,37,110,469,332,512,405,3,81,833,969,889,684,276,813,771,462,3
723,156,417,789,860,109,445,395,450,3,444,489,194,641,697,574,776,826,548,3
660,856,285,444,915,730,788,46,639,3,25,605,801,425,153,910,737,533,640,3
230,829,984,272,390,178,78,492,703,3,694,190,217,315,165,295,388,535,884,3
85,999,102,227,210,106,910,810,780,3,974,351,768,554,277,727,557,727,983,3
29,544,571,553,188,306,856,643,32,4,565,555,556,301,49,375,401,363,9,4
666,751,697,209,61,6,200,848,146,4,346,405,173,644,329,415,423,533,104,4
796,700,261,55,555,644,56,387,213,4,298,298,626,567,699,172,405,188,177,4
874,716,955,124,57,51,130,827,446,4,448,7,569,489,434,689,201,431,315,4
904,416,113,223,309,869,312,219,536,4,971,392,104,741,396,838,735,972,515,4
325,645,293,990,981,200,812,320,614,4,634,803,597,719,229,828,890,431,562,4
47,171,63,327,618,345,515,566,667,4,825,355,753,253,74,450,881,666,585,4
6,675,814,961,766,837,750,422,841,4,920,538,352,93,227,629,946,322,610,4
710,385,148,652,991,262,389,709,878,4,154,633,599,136,64,80,50,820,663,4
272,573,826,254,70,821,659,45,999,4,293,199,252,354,924,460,125,513,716,4
80,698,453,241,308,429,131,436,28,5,407,343,652,511,918,496,743,852,73,5
232,808,748,406,392,812,358,564,81,5,117,880,805,183,151,380,387,776,192,5
996,300,954,199,443,70,639,854,449,5,812,869,448,513,631,742,596,157,386,5
50,251,739,543,878,256,439,922,465,5,580,14,93,869,454,433,620,761,515,5
986,424,67,568,658,152,3,69,610,5,67,463,968,642,957,66,841,340,544,5
707,538,861,903,102,639,977,827,676,5,870,478,22,82,823,42,646,300,591,5
251,344,235,48,914,601,679,234,693,5,471,767,622,51,347,95,683,542,747,5
230,327,147,34,689,239,188,411,814,5,246,65,201,111,789,796,937,744,759,5
453,662,763,195,616,472,121,373,876,5,341,8,687,784,627,81,568,457,798,5
532,76,325,48,166,706,299,515,884,5,636,534,295,35,150,575,754,409,907,5
514,134,58,541,164,517,970,646,18,6,697,8,698,87,579,104,717,127,229,6
127,151,237,385,399,265,810,812,212,6,350,330,559,127,718,71,837,79,250,6
820,179,234,889,756,315,566,463,411,6,335,96,271,253,865,193,884,641,271,6
617,434,728,738,868,38,572,133,479,6,740,922,317,15,725,422,526,0,280,6
278,840,471,80,99,581,488,475,672,6,146,477,638,940,237,34,469,122,305,6
590,187,274,305,633,112,1,420,673,6,555,471,709,386,719,731,724,911,369,6
461,290,738,266,641,737,872,957,683,6,396,428,913,224,662,69,224,890,478,6
245,516,702,27,444,333,167,552,831,6,146,196,264,476,604,217,203,545,705,6
654,124,850,267,763,888,547,901,982,6,830,203,757,363,815,414,143,978,798,6
848,344,374,40,801,738,745,9,990,6,983,403,440,319,838,54,824,847,868,6
165,562,742,270,372,478,790,339,55,7,124,385,497,236,514,935,490,553,52,7
892,541,623,776,832,803,463,248,102,7,491,110,668,291,983,214,573,453,152,7
163,196,332,760,190,83,172,340,138,7,146,343,630,735,68,492,985,357,163,7
948,123,806,954,842,522,923,964,171,7,248,815,334,957,215,421,495,871,186,7
881,39,846,975,845,755,218,760,172,7,210,547,467,287,676,391,118,365,216,7
818,493,8,6,718,482,838,981,318,7,327,446,266,305,972,249,431,136,403,7
669,670,413,942,31,756,85,14,415,7,755,734,617,353,382,995,998,111,719,7
955,288,327,207,798,909,614,148,578,7,158,56,732,600,803,224,274,936,918,7
516,818,654,83,359,155,467,910,644,7,93,544,822,175,929,480,724,571,976,7
299,136,979,5,590,257,825,376,922,7,668,166,60,589,903,279,616,357,998,7
281,495,103,460,197,844,916,194,108,8,163,449,120,669,660,823,636,505,193,8
594,166,848,618,616,129,931,921,133,8,466,116,261,189,101,98,582,14,277,8
89,845,448,170,213,292,513,883,300,8,293,330,119,274,968,229,453,517,345,8
406,67,270,44,401,648,735,341,322,8,347,886,317,941,515,784,373,829,522,8
596,259,667,588,763,37,358,34,337,8,662,961,904,923,441,64,350,557,564,8
936,962,464,975,462,518,619,528,363,8,861,74,415,271,179,972,439,571,593,8
430,7,737,935,291,701,643,464,390,8,770,925,813,856,682,251,2,694,595,8
835,952,658,842,137,388,617,315,673,8,748,507,550,10,421,443,145,437,925,8
94,443,486,685,713,120,102,391,891,8,971,137,645,616,944,941,851,186,955,8
89,184,799,458,968,119,884,518,954,8,239,831,62,819,971,39,208,381,970,8
590,358,364,872,365,697,548,853,54,9,494,293,57,638,245,967,384,186,99,9
66,582,286,568,474,904,730,781,83,9,450,225,718,829,115,827,186,681,142,9
354,532,829,212,341,184,479,440,233,9,761,817,632,723,812,2,249,308,238,9
699,808,688,33,616,98,519,634,403,9,638,582,744,548,464,768,286,813,279,9
245,639,255,801,183,356,20,245,453,9,150,309,792,755,466,688,417,812,305,9
978,184,785,801,334,670,150,425,573,9,384,451,65,6,763,135,885,709,313,9
247,96,783,45,433,185,85,374,781,9,888,743,117,583,194,473,272,573,327,9
369,662,326,426,211,686,569,478,892,9,96,44,645,568,984,557,57,940,354,9
498,891,423,765,18,673,270,501,962,9,962,785,803,526,7,664,394,14,402,9
358,394,915,839,571,52,824,23,972,9,346,484,681,173,282,124,579,342,420,9
410,357,283,920,655,730,866,403,105,10,229,185,390,148,912,309,564,540,63,10
676,28,968,396,652,518,912,950,137,10,909,125,944,167,297,905,344,849,198,10
61,360,28,3,443,271,425,618,145,10,904,815,609,612,638,536,349,273,435,10
163,65,285,859,188,915,638,874,256,10,465,705,168,886,436,707,269,390,555,10
542,26,462,213,256,382,777,904,263,10,98,762,779,677,730,264,74,222,645,10
659,949,607,371,661,682,74,397,476,10,54,76,64,677,832,953,767,396,654,10
247,226,287,411,293,575,769,417,624,10,462,964,142,599,249,738,970,166,765,10
224,96,836,190,848,18,806,512,723,10,870,244,693,708,766,961,167,476,809,10
524,641,254,199,906,765,639,2,736,10,635,9,498,486,936,762,677,222,944,10
784,539,304,84,247,12,826,875,929,10,333,355,437,531,759,251,803,744,949,10
491,345,480,470,779,751,812,632,26,11,784,973,854,533,361,443,651,779,64,11
145,789,616,777,895,189,656,125,168,11,477,297,897,986,21,653,334,647,184,11
922,265,107,320,258,895,538,710,214,11,748,545,619,738,829,500,82,624,209,11
988,894,910,829,273,651,395,619,226,11,400,107,793,548,175,510,125,836,464,11
147,553,750,668,407,311,593,320,277,11,792,103,264,948,800,937,565,318,469,11
231,128,417,706,29,385,286,928,322,11,70,656,983,899,286,636,42,567,469,11
119,513,141,438,418,885,77,20,440,11,92,69,60,769,317,58,245,491,685,11
718,823,596,522,696,347,114,69,553,11,807,378,835,403,182,904,281,255,750,11
46,877,800,309,676,312,970,140,712,11,964,435,988,999,918,407,856,966,874,11
663,372,957,627,228,977,316,30,888,11,44,455,645,331,249,311,204,333,982,11
985,547,6,185,62,86,307,775,9,12,779,958,251,271,51,413,220,68,160,12
781,394,57,533,269,241,393,828,13,12,151,498,37,664,615,21,546,90,228,12
598,257,380,22,227,922,987,499,22,12,780,672,462,247,575,596,506,810,263,12
623,765,312,455,495,112,940,581,50,12,308,288,543,77,264,292,224,669,421,12
17,350,426,170,505,536,729,996,270,12,955,881,126,742,8,171,656,286,528,12
98,855,92,652,650,665,903,216,470,12,11,879,349,665,429,173,724,845,660,12
771,160,269,754,99,648,193,988,560,12,581,462,445,848,240,154,885,912,756,12
448,578,847,113,259,607,16,308,588,12,127,201,144,149,455,262,626,570,785,12
846,116,713,349,857,141,770,685,980,12,117,62,39,175,929,306,905,481,875,12
706,274,76,346,309,955,48,14,998,12,218,863,329,91,994,483,148,897,877,12
987,378,881,317,904,10,636,3,107,13,512,612,331,103,174,777,597,573,55,13
648,195,299,281,77,453,16,361,163,13,721,29,376,460,149,252,130,722,58,13
159,50,841,778,744,589,484,313,683,13,43,920,247,988,965,48,988,670,202,13
429,421,108,111,538,629,61,794,782,13,999,693,469,111,71,838,300,448,348,13
318,946,738,107,505,957,588,405,803,13,609,120,453,801,550,208,714,466,546,13
738,506,562,202,543,348,171,531,816,13,535,448,838,90,119,982,259,26,655,13
145,478,942,421,991,701,569,388,921,13,505,723,645,736,470,526,783,913,823,13
379,2,715,159,309,364,490,52,928,13,695,686,173,809,623,635,351,969,825,13
546,235,528,224,793,89,524,413,975,13,725,577,490,644,9,468,735,553,839,13
420,521,623,738,119,779,775,169,993,13,945,410,909,232,127,430,706,50,961,13
959,13,977,5,916,945,517,980,52,14,736,931,371,395,992,605,359,96,2,14
536,854,953,720,281,218,234,263,104,14,206,3,875,397,725,378,332,566,112,14
625,546,540,829,529,809,421,237,282,14,529,60,765,171,895,355,742,207,245,14
503,830,578,98,290,99,809,827,383,14,988,261,877,40,963,805,653,94,397,14
361,893,185,896,966,815,7,965,557,14,306,851,818,168,804,587,771,395,490,14
162,395,121,449,331,729,190,989,660,14,287,239,777,370,912,391,380,864,542,14
736,943,359,631,164,233,295,3,767,14,465,292,605,705,820,877,427,466,625,14
182,661,495,327,532,278,273,316,897,14,116,227,244,429,365,440,367,665,787,14
647,795,125,844,659,333,380,898,923,14,606,831,529,758,514,906,402,502,937,14
595,390,331,264,976,19,81,53,936,14,561,882,473,134,530,579,676,566,947,14
2,681,927,626,633,113,935,577,191,15,294,946,89,641,685,667,119,60,121,15
166,704,487,845,331,291,795,118,279,15,242,332,566,785,41,956,708,368,255,15
980,37,483,549,195,979,55,997,279,15,614,527,934,14,114,237,987,489,372,15
260,190,223,463,119,510,761,14,315,15,184,143,501,868,959,734,413,628,386,15
369,488,690,566,883,879,175,249,353,15,894,80,481,690,641,780,72,239,484,15
13,522,460,769,529,461,199,530,470,15,458,19,698,361,336,479,752,585,574,15
133,851,824,762,207,391,307,8,639,15,900,370,199,267,991,968,484,708,654,15
108,273,9,845,89,386,924,627,724,15,790,892,725,804,561,567,386,855,701,15
803,519,689,73,330,851,434,502,962,15,44,102,337,646,690,665,51,443,721,15
86,540,357,340,819,333,499,383,995,15,620,786,531,920,679,686,540,537,796,15
362,740,455,748,777,741,987,146,33,16,51,897,982,571,695,856,722,140,19,16
298,583,530,784,983,177,429,479,114,16,156,175,747,741,52,133,20,825,83,16
464,511,552,450,331,35,540,876,396,16,436,918,861,780,83,544,742,505,212,16
515,904,85,552,729,231,754,829,457,16,978,846,317,738,692,387,992,924,489,16
269,57,597,189,178,634,727,114,513,16,494,168,725,822,644,458,982,457,597,16
2,113,73,353,400,340,61,764,620,16,199,896,337,153,351,396,998,866,658,16
252,1,799,586,994,406,746,577,634,16,575,846,498,972,586,263,520,126,741,16
236,104,660,335,623,213,670,171,736,16,458,423,827,383,963,605,410,266,789,16
517,491,364,251,585,26,189,381,857,16,801,79,135,819,699,54,414,301,863,16
635,857,765,667,209,208,751,392,892,16,931,933,260,390,127,16,383,340,940,16
475,53,607,980,331,171,637,136,184,17,990,372,680,995,482,786,290,741,5,17
835,783,605,220,288,204,412,232,625,17,201,21,148,813,603,480,533,405,5,17
23,722,873,702,69,219,218,90,649,17,28,501,878,216,716,453,430,194,537,17
966,151,661,938,736,598,628,542,683,17,620,439,970,585,146,787,192,259,630,17
204,527,978,281,351,316,585,39,683,17,532,853,957,226,669,195,914,203,680,17
798,548,642,455,577,986,797,487,739,17,498,460,472,259,144,860,879,830,686,17
685,353,774,388,876,673,194,865,764,17,41,704,630,690,399,788,923,22,724,17
651,326,129,649,685,921,146,591,801,17,643,954,908,751,195,593,812,45,733,17
7,54,258,384,935,957,518,969,984,17,766,224,802,47,538,200,716,933,942,17
928,981,32,389,631,229,14,117,998,17,740,207,551,120,443,914,897,168,957,17
759,603,37,831,396,813,612,764,28,18,737,518,252,507,783,926,497,775,239,18
677,197,713,539,611,443,646,702,99,18,528,508,325,701,348,113,267,445,368,18
389,525,297,259,138,404,712,41,476,18,147,340,584,606,325,78,987,251,369,18
605,478,319,890,313,732,95,807,666,18,619,435,395,161,581,247,439,253,608,18
170,107,137,60,3,609,653,46,673,18,516,172,816,818,258,898,222,781,637,18
53,131,427,170,815,121,891,264,731,18,765,748,841,979,979,417,927,925,672,18
366,900,433,738,727,491,648,502,767,18,469,832,577,898,38,523,154,580,844,18
586,320,281,565,960,434,923,4,789,18,63,580,797,297,907,290,201,9,887,18
208,539,887,988,186,687,871,473,846,18,984,278,666,204,593,335,43,671,919,18
321,354,173,542,844,522,583,105,903,18,75,155,853,700,845,327,136,343,928,18
173,210,676,549,596,15,854,747,23,19,733,101,51,359,265,86,733,481,77,19
505,375,517,768,141,385,394,669,99,19,664,707,682,141,393,509,875,292,475,19
72,621,125,247,862,71,803,390,101,19,434,229,481,465,347,105,936,186,537,19
289,981,884,424,109,518,826,844,103,19,743,492,144,307,594,481,400,457,649,19
343,257,287,959,210,720,370,339,155,19,269,177,473,375,222,532,676,803,654,19
221,777,526,542,81,430,17,343,173,19,515,741,9,890,818,303,369,946,734,19
336,999,567,763,586,162,789,388,295,19,561,916,30,925,74,977,272,744,810,19
133,504,592,319,766,251,118,2,530,19,358,992,857,503,757,688,858,958,818,19
390,504,872,271,773,257,237,577,773,19,606,543,815,30,920,805,304,298,855,19
392,815,511,360,632,376,111,775,985,19,994,280,514,125,995,29,735,263,858,19
778,959,548,314,649,724,613,429,117,20,469,42,773,764,168,167,578,842,344,20
274,956,844,383,567,693,222,196,225,20,288,894,215,312,65,47,78,687,384,20
459,742,397,305,640,613,95,234,455,20,458,508,299,926,3,318,988,83,645,20
527,63,38,706,328,565,455,198,565,20,469,603,635,152,577,495,585,625,667,20
232,731,778,819,538,239,490,255,638,20,104,439,369,906,576,201,44,667,710,20
373,732,645,950,49,293,355,948,658,20,356,582,501,767,21,560,429,190,819,20
844,477,6,912,73,507,562,771,732,20,408,336,860,147,182,980,499,724,871,20
646,893,923,820,60,291,38,226,882,20,561,152,42,679,231,713,707,898,871,20
17,456,513,406,674,645,303,559,924,20,707,473,949,89,962,970,902,987,934,20
896,873,740,209,783,978,57,660,981,20,232,915,445,710,414,28,805,785,984,20
191,177,832,250,453,185,99,283,8,21,570,389,24,787,205,520,23,395,152,21
803,449,921,486,603,799,488,938,94,21,835,358,846,403,72,905,261,635,251,21
411,214,982,746,853,928,45,603,127,21,24,666,353,210,724,205,122,222,340,21
776,257,715,619,447,775,375,499,294,21,17,583,811,127,606,771,909,112,427,21
63,858,955,17,90,767,812,426,342,21,568,100,39,522,398,460,435,469,482,21
877,914,381,436,725,439,409,682,420,21,128,174,589,885,792,329,247,585,575,21
987,463,540,430,87,413,854,986,506,21,378,979,756,667,576,613,31,65,596,21
251,202,80,162,851,275,396,709,618,21,892,703,493,711,985,9,811,380,690,21
465,763,920,231,349,816,428,384,762,21,318,756,797,178,598,688,157,700,810,21
532,603,439,421,340,555,411,821,775,21,51,572,262,534,924,170,71,183,971,21
597,137,331,91,689,178,331,462,216,22,199,834,757,429,794,773,954,469,5,22
412,679,710,567,992,146,397,720,271,22,755,430,258,767,435,714,990,903,38,22
995,451,600,831,370,221,948,751,371,22,137,17,837,578,128,605,628,197,143,22
475,402,854,640,955,377,178,911,443,22,276,469,578,103,550,833,565,327,261,22
869,924,96,625,402,227,817,347,506,22,491,539,860,871,236,545,840,956,327,22
264,197,662,775,988,277,459,856,679,22,103,477,571,317,670,681,758,514,554,22
491,546,859,975,886,61,51,465,784,22,123,112,143,36,83,180,986,243,647,22
741,128,520,49,853,636,13,367,854,22,375,44,616,255,954,515,590,237,660,22
388,59,709,115,831,728,860,604,891,22,18,990,697,26,424,643,299,498,776,22
680,699,132,622,581,924,319,456,978,22,634,122,140,132,117,442,274,269,925,22
668,681,610,790,775,357,946,23,285,23,758,267,346,502,609,870,913,432,85,23
685,0,469,16,335,600,827,385,323,23,591,883,419,712,221,3,860,576,122,23
772,625,149,482,480,502,851,703,337,23,220,243,726,187,225,688,25,451,227,23
736,942,212,813,62,224,203,557,385,23,301,138,493,327,762,378,390,447,365,23
351,828,297,892,782,390,34,8,462,23,203,196,823,431,274,747,691,157,646,23
522,432,122,333,48,246,210,222,515,23,274,150,227,966,529,344,304,268,660,23
764,523,107,260,297,510,668,8,545,23,199,232,563,674,731,391,213,616,683,23
891,740,765,429,492,319,984,928,636,23,809,451,983,773,348,326,39,291,760,23
887,593,265,966,811,979,639,449,845,23,882,216,379,584,814,685,657,191,784,23
513,725,665,982,239,181,762,157,972,23,523,200,340,487,43,411,249,369,881,23
383,914,423,472,903,374,195,853,108,24,908,563,690,790,990,290,951,858,83,24
837,746,296,350,716,315,236,205,129,24,492,177,156,996,110,852,767,116,242,24
39,333,839,61,472,177,110,878,185,24,699,225,515,630,47,408,850,114,347,24
701,338,310,597,425,712,316,137,211,24,388,519,885,829,135,880,470,637,428,24
288,664,52,914,792,493,12,322,237,24,534,638,798,161,858,615,347,170,447,24
746,270,154,830,794,56,974,121,490,24,170,571,268,896,762,585,40,13,518,24
666,338,729,183,173,838,867,196,662,24,36,811,563,815,91,503,209,118,661,24
442,527,425,399,19,183,934,421,778,24,233,85,176,959,547,320,133,194,746,24
904,670,780,655,890,294,489,658,801,24,219,3,426,284,488,569,39,24,919,24
496,400,441,406,384,863,592,188,944,24,979,217,155,125,585,448,801,440,935,24
550,16,275,484,293,915,385,262,27,25,382,859,0,349,359,210,733,65,163,25
198,419,209,836,817,303,310,398,81,25,260,213,218,608,595,119,657,152,223,25
642,268,421,529,435,599,528,530,243,25,7,18,468,639,670,580,326,416,292,25
978,683,37,429,126,463,906,75,305,25,679,777,413,519,846,232,47,223,355,25
606,766,196,768,422,944,312,655,309,25,141,607,317,318,19,673,299,647,438,25
816,542,71,951,483,161,732,926,560,25,139,907,581,166,72,152,946,631,522,25
779,168,374,151,848,860,556,810,631,25,842,198,270,791,541,256,507,818,570,25
617,140,46,408,794,410,520,970,679,25,926,797,13,207,86,600,229,800,718,25
759,966,27,341,241,224,947,834,779,25,882,475,311,409,86,366,176,808,750,25
676,206,109,645,835,228,214,565,869,25,393,600,464,918,701,206,625,498,865,25
461,86,230,738,152,601,113,428,16,26,742,381,406,995,248,593,851,495,51,26
72,552,998,355,165,337,612,376,18,26,753,192,513,361,426,778,142,265,248,26
786,725,812,496,706,169,854,657,56,26,171,738,152,685,826,542,859,828,381,26
66,885,616,764,576,574,636,188,90,26,665,673,278,267,585,677,271,62,431,26
776,844,547,540,767,87,155,941,105,26,334,478,491,392,891,254,322,488,437,26
428,5,590,342,141,695,201,229,212,26,725,26,22,569,919,183,454,883,807,26
309,291,56,58,861,607,173,324,526,26,993,834,521,225,607,745,879,178,826,26
467,7,770,35,394,599,388,912,533,26,503,773,355,721,139,297,226,475,829,26
596,246,400,600,641,39,168,109,709,26,918,256,113,538,60,578,780,878,867,26
599,678,434,508,551,899,670,482,894,26,433,338,106,420,356,734,56,126,944,26
197,424,798,761,699,542,913,311,10,27,829,16,426,213,831,980,238,858,2,27
851,318,590,349,792,954,602,818,38,27,776,961,512,934,503,54,598,863,34,27
452,827,847,403,940,98,491,362,100,27,214,315,567,266,778,734,540,954,56,27
488,906,146,308,967,456,679,638,219,27,951,363,994,974,483,15,706,998,154,27
489,306,386,972,268,160,717,767,383,27,647,963,90,289,673,117,553,97,323,27
178,479,290,860,232,478,754,787,611,27,475,734,212,87,787,183,473,81,434,27
1,840,303,537,752,159,172,986,686,27,640,386,451,141,50,656,935,437,500,27
900,187,979,405,713,454,756,307,827,27,330,306,302,38,487,665,577,840,688,27
152,717,818,552,871,510,165,255,854,27,775,314,615,558,40,675,596,707,746,27
114,40,425,340,696,520,672,15,870,27,266,32,125,106,491,395,606,225,914,27
844,577,911,565,260,845,856,200,10,28,525,348,344,208,225,66,558,624,7,28
711,24,376,681,760,861,475,867,143,28,583,835,899,79,612,576,987,399,131,28
82,795,537,566,237,998,100,712,379,28,137,20,739,609,591,782,691,780,184,28
809,487,565,930,106,364,713,694,503,28,419,888,129,570,880,349,126,861,214,28
63,485,542,357,6,987,671,769,506,28,693,278,679,686,909,819,471,147,254,28
482,464,355,600,394,455,101,769,534,28,829,351,562,449,109,187,658,966,272,28
293,992,891,174,188,854,570,487,552,28,391,430,509,467,744,762,716,398,376,28
631,804,305,824,394,148,160,744,630,28,740,793,661,22,808,93,467,154,550,28
903,71,717,936,803,749,623,975,681,28,505,832,475,592,201,681,759,410,733,28
288,246,799,391,848,858,794,170,866,28,871,923,291,33,954,290,341,813,933,28
360,248,582,487,33,808,19,933,115,29,154,868,198,645,973,128,417,826,10,29
324,786,942,966,108,260,883,351,136,29,696,801,255,238,690,248,221,587,29,29
613,838,522,604,242,13,404,720,410,29,620,384,680,165,418,607,339,946,308,29
47,805,487,194,312,365,855,584,417,29,783,477,720,194,456,126,681,986,323,29
236,886,549,235,718,676,745,427,439,29,928,505,355,566,245,275,88,861,473,29
874,938,513,913,18,35,704,903,445,29,879,786,614,32,650,268,673,797,541,29
771,957,907,445,508,207,321,819,586,29,107,480,237,405,4,971,577,980,741,29
476,61,52,640,446,369,959,420,653,29,438,375,224,147,202,695,585,618,776,29
582,468,50,466,783,182,430,464,668,29,763,923,388,517,817,909,769,160,823,29
643,722,994,852,205,132,259,971,739,29,597,72,290,527,671,681,44,387,910,29
962,334,105,234,2,899,159,119,38,30,213,244,862,729,208,674,625,426,95,30
217,692,676,822,856,665,478,676,111,30,426,49,800,884,815,154,188,950,191,30
799,836,745,588,165,83,101,831,191,30,515,414,341,245,366,107,174,36,259,30
952,912,504,215,565,87,571,286,362,30,353,320,611,382,647,461,114,248,307,30
638,265,401,306,629,95,362,629,423,30,293,875,924,257,602,573,32,38,396,30
33,230,776,819,179,853,265,887,467,30,739,123,199,7,954,701,505,646,701,30
252,760,884,466,787,272,722,261,580,30,338,357,253,407,426,808,445,272,789,30
781,425,281,268,309,68,938,824,636,30,952,765,682,77,149,110,5,110,882,30
680,926,470,864,864,207,428,736,682,30,288,569,63,296,895,790,368,945,883,30
974,817,467,40,455,28,68,649,950,30,610,643,105,266,745,481,562,308,991,30
612,262,176,590,632,414,923,947,180,31,237,0,721,19,670,634,332,485,388,31
811,932,107,623,547,418,753,496,342,31,913,115,820,851,999,919,958,975,493,31
833,886,906,228,522,107,569,181,349,31,101,625,319,657,332,67,774,817,535,31
561,461,358,411,559,573,639,673,524,31,146,695,959,895,476,872,294,703,561,31
904,447,542,200,816,866,483,60,746,31,496,153,522,351,595,275,99,989,621,31
951,769,431,882,606,628,953,952,883,31,989,300,609,799,161,218,369,660,657,31
524,154,605,430,947,824,816,66,884,31,463,230,106,82,345,341,436,113,783,31
468,569,986,971,333,31,481,137,897,31,337,858,96,366,301,180,682,490,948,31
802,781,994,601,694,209,194,226,906,31,645,517,978,685,379,825,511,819,976,31
449,370,351,437,119,529,120,273,943,31,995,706,496,226,532,396,799,754,983,31
729,325,376,657,765,356,362,341,19,32,693,829,472,118,155,809,547,502,98,32
509,658,559,145,822,62,548,138,37,32,903,813,739,607,727,951,897,86,186,32
114,193,700,314,977,308,319,1,40,32,67,139,420,990,387,341,441,357,288,32
403,822,434,441,923,248,439,566,177,32,874,575,112,502,456,112,747,897,459,32
565,604,494,218,972,452,218,207,190,32,328,201,45,279,508,329,587,483,506,32
639,121,478,223,412,372,543,837,369,32,214,139,693,167,599,701,16,96,530,32
677,520,754,408,231,22,892,757,769,32,161,47,888,866,94,739,271,444,556,32
590,962,567,666,422,294,200,264,785,32,410,793,919,712,294,346,815,779,757,32
839,75,589,238,829,358,509,141,857,32,732,934,495,657,989,197,558,582,813,32
935,531,156,104,948,731,728,11,988,32,575,78,891,27,117,13,160,648,952,32
330,74,224,814,332,459,32,879,25,33,266,961,677,746,8,549,745,390,185,33
222,204,623,353,609,847,501,917,113,33,376,500,762,224,834,407,592,743,264,33
617,84,310,8,587,81,898,500,409,33,266,193,748,158,924,46,147,313,283,33
866,217,481,801,88,184,709,509,440,33,156,686,124,331,754,955,28,851,394,33
896,7,156,569,912,578,74,148,539,33,605,996,457,661,800,471,133,398,446,33
792,549,284,822,853,369,876,93,623,33,736,865,657,397,904,688,446,75,612,33
371,641,398,100,321,425,952,377,684,33,676,57,86,760,291,554,622,873,684,33
728,729,532,941,639,514,781,334,772,33,54,576,609,198,88,304,763,459,728,33
777,355,37,268,321,251,140,740,809,33,863,556,437,594,376,741,176,763,749,33
398,289,298,791,597,504,186,933,840,33,151,914,210,606,848,413,679,97,824,33
854,672,340,544,52,617,788,528,116,34,125,500,791,322,618,264,714,479,24,34
807,565,990,553,736,978,208,429,190,34,674,567,447,12,160,356,993,992,231,34
957,555,303,704,973,415,873,68,191,34,841,236,467,691,445,826,765,612,425,34
623,307,393,123,268,800,330,929,318,34,688,825,244,389,832,976,329,739,508,34
346,337,782,344,818,881,655,313,413,34,286,77,432,390,110,886,397,457,692,34
459,606,375,951,476,584,232,634,468,34,753,957,1,759,436,635,783,917,788,34
850,151,157,837,273,692,992,382,482,34,604,778,812,169,475,707,687,983,792,34
403,644,543,124,982,926,602,240,535,34,633,830,724,327,637,137,109,674,850,34
904,940,84,716,662,652,250,191,674,34,524,793,66,854,135,553,822,448,893,34
552,179,487,309,187,581,944,886,773,34,235,453,331,544,944,186,698,559,984,34
745,796,123,614,704,677,554,565,124,35,30,543,616,819,306,503,166,753,55,35
271,460,593,257,317,599,647,404,290,35,669,136,797,761,982,265,47,977,102,35
927,937,515,221,926,795,710,197,530,35,631,938,975,552,129,820,165,93,116,35
439,503,102,230,913,963,108,114,574,35,806,827,79,79,571,860,550,631,228,35
534,642,559,890,344,772,628,261,590,35,342,326,11,810,692,227,68,407,277,35
73,425,482,891,174,879,520,841,655,35,420,10,534,214,137,142,57,218,346,35
911,993,950,597,289,21,423,307,702,35,320,948,672,560,891,25,983,443,450,35
705,965,98,392,699,444,998,858,712,35,647,718,431,630,514,475,678,542,694,35
299,493,670,514,972,806,701,356,783,35,480,427,496,16,489,609,941,932,875,35
716,880,51,558,762,334,305,661,975,35,422,603,157,474,29,131,862,74,894,35
205,981,287,387,462,181,574,775,67,36,268,550,131,408,898,565,5,333,205,36
120,905,237,917,510,866,460,978,118,36,238,971,936,316,671,48,247,720,211,36
804,655,74,541,580,630,413,562,227,36,498,223,965,389,405,679,880,955,239,36
249,504,802,738,298,307,320,174,440,36,443,345,29,149,478,909,619,635,440,36
238,825,831,976,735,879,780,753,469,36,888,634,970,104,822,292,902,615,494,36
297,627,494,462,506,461,799,794,490,36,323,698,810,297,253,964,106,779,565,36
318,658,407,36,517,306,865,303,699,36,154,879,704,565,744,816,518,485,612,36
687,565,210,45,770,281,396,189,734,36,705,55,829,726,221,597,441,699,668,36
598,767,954,436,864,178,83,117,855,36,344,594,258,446,767,246,967,885,900,36
712,2,787,575,341,16,579,692,858,36,298,1,382,609,8,526,281,76,984,36
417,246,15,512,462,266,842,950,6,37,616,691,146,595,768,410,358,135,162,37
888,767,439,692,460,501,926,705,21,37,964,775,662,358,672,610,746,45,176,37
953,238,599,370,867,91,68,958,205,37,339,170,375,521,240,223,301,885,274,37
31,456,706,647,56,967,354,331,245,37,750,402,843,987,109,86,266,869,458,37
872,794,742,235,339,631,984,112,250,37,316,204,778,203,163,661,663,156,572,37
677,674,766,405,595,587,834,494,505,37,385,186,811,458,664,465,673,404,600,37
472,371,267,988,879,901,897,903,768,37,928,411,558,122,743,343,230,992,613,37
951,236,892,207,864,568,977,58,799,37,570,77,321,278,820,222,780,361,657,37
979,441,511,708,604,105,964,147,913,37,832,86,40,440,715,705,26,322,900,37
383,47,332,970,714,970,197,750,929,37,984,492,212,421,226,596,962,738,993,37
566,174,611,636,61,247,316,536,13,38,961,546,749,412,628,617,789,441,19,38
254,635,596,708,58,263,253,134,162,38,117,617,155,107,275,864,49,781,46,38
960,586,130,510,675,930,373,199,399,38,775,612,535,538,412,956,923,742,157,38
421,867,421,96,320,221,527,9,462,38,907,584,511,571,934,933,936,670,241,38
698,196,90,577,467,461,786,121,549,38,80,482,697,914,566,923,632,38,307,38
133,438,470,404,155,151,809,786,688,38,853,550,637,882,631,478,780,440,320,38
939,998,983,380,3,860,142,540,730,38,770,481,966,742,442,673,619,902,350,38
379,271,493,600,81,785,484,665,782,38,62,44,0,763,726,4,556,492,472,38
791,250,273,714,897,295,136,533,951,38,886,769,455,463,693,58,942,947,486,38
267,12,964,860,587,455,738,429,987,38,573,183,148,681,525,367,566,202,830,38
827,30,895,537,48,980,212,65,104,39,734,52,457,426,149,471,562,675,21,39
41,331,352,749,861,939,335,115,168,39,439,765,397,579,455,28,927,275,122,39
601,705,322,297,148,388,947,709,169,39,249,817,725,345,507,838,663,704,149,39
610,573,937,178,674,417,766,505,239,39,744,783,664,946,14,966,517,893,172,39
902,713,267,926,331,949,122,263,385,39,142,457,572,355,8,836,186,9,259,39
818,112,427,461,97,147,321,849,395,39,250,366,241,46,515,932,572,789,421,39
379,578,178,305,101,543,775,788,478,39,589,180,113,894,718,830,993,688,600,39
541,133,566,892,784,34,113,483,629,39,516,211,999,456,930,410,741,513,670,39
786,970,428,343,166,99,926,461,925,39,368,472,682,85,857,615,307,987,780,39
179,40,694,995,931,618,808,501,967,39,115,951,141,102,885,31,760,53,930,39
234,153,115,516,144,55,509,763,318,40,189,815,549,152,230,667,788,976,165,40
638,739,173,485,365,887,94,571,348,40,28,354,194,165,318,614,447,946,247,40
654,325,481,819,459,446,123,985,492,40,623,978,249,732,796,295,141,330,310,40
434,252,286,33,812,897,581,973,557,40,25,343,302,622,252,996,212,131,411,40
289,224,299,718,28,851,177,169,649,40,63,279,642,719,439,697,577,599,499,40
31,218,813,337,489,357,283,574,824,40,581,5,736,854,953,512,475,910,506,40
145,127,208,161,175,954,598,475,847,40,214,81,184,904,940,246,565,785,613,40
228,475,944,248,167,524,922,120,876,40,595,478,106,792,546,306,538,468,758,40
150,189,921,695,857,223,682,370,891,40,462,188,577,608,455,526,138,406,862,40
678,747,984,940,896,422,812,726,928,40,603,760,367,899,248,825,860,198,918,40
290,328,749,183,419,689,199,967,160,41,594,814,427,264,384,481,63,968,489,41
147,481,7,705,389,991,869,194,245,41,954,24,48,781,823,413,111,77,639,41
270,916,535,813,60,499,288,910,293,41,758,183,900,349,816,186,326,696,676,41
89,475,368,341,97,177,846,811,458,41,895,684,452,51,275,148,392,849,683,41
803,913,319,159,487,600,887,182,547,41,741,680,649,892,530,828,254,819,703,41
331,100,282,107,465,561,7,961,561,41,542,42,901,618,671,176,347,689,736,41
173,709,997,914,662,254,888,637,570,41,518,38,350,896,217,818,201,649,823,41
685,136,905,146,310,513,619,958,657,41,480,570,39,14,884,24,188,376,847,41
190,119,922,252,303,375,552,697,844,41,829,71,945,219,137,341,522,290,892,41
859,494,105,419,922,676,907,459,884,41,198,936,19,839,498,327,120,792,988,41
110,874,36,98,735,903,854,736,87,42,731,593,297,40,45,737,811,449,233,42
492,909,18,355,420,584,188,641,325,42,511,366,23,306,491,634,201,903,294,42
794,379,783,860,104,554,784,221,399,42,573,334,720,260,764,582,957,399,318,42
118,569,673,977,379,106,421,531,436,42,182,989,670,382,505,916,67,564,321,42
136,261,354,396,977,354,868,644,552,42,280,844,679,7,193,410,514,151,443,42
96,168,908,542,931,957,824,407,682,42,219,257,247,492,566,577,931,938,475,42
492,500,552,163,405,887,904,367,877,42,574,817,256,537,195,553,689,581,494,42
692,624,841,406,265,275,562,419,885,42,401,360,144,604,379,384,291,339,641,42
129,378,312,139,572,71,38,135,903,42,346,991,405,710,151,33,615,711,735,42
313,502,119,608,290,710,936,830,949,42,641,232,611,491,938,547,902,781,950,42
61,3,653,219,575,470,367,437,52,43,802,939,225,350,829,818,372,433,170,43
881,808,206,465,22,651,571,305,90,43,873,970,75,497,593,493,663,456,228,43
401,757,831,611,555,892,352,638,131,43,560,363,114,884,668,136,455,237,243,43
369,131,726,869,391,743,821,80,265,43,649,117,962,59,745,515,552,27,322,43
774,77,392,352,476,874,882,741,275,43,165,917,32,912,760,904,652,589,431,43
996,354,132,820,956,950,328,667,427,43,199,372,199,126,973,846,90,747,596,43
167,982,689,196,738,537,307,78,532,43,807,157,503,247,497,514,104,279,664,43
723,748,135,840,321,184,289,648,779,43,217,231,839,0,523,349,551,635,794,43
292,412,907,491,289,515,251,864,820,43,279,73,75,424,787,905,594,543,803,43
860,997,462,553,567,660,397,578,951,43,322,683,115,910,124,729,125,721,947,43
603,896,537,248,909,751,186,675,3,44,370,708,62,750,904,620,519,243,78,44
137,33,813,958,880,989,763,453,24,44,91,662,755,757,65,54,338,932,227,44
602,874,483,89,922,460,211,733,44,44,915,716,986,670,652,100,322,62,236,44
999,433,665,367,764,671,982,240,377,44,500,545,540,575,342,935,100,688,245,44
387,949,258,998,919,174,830,650,590,44,583,110,392,653,792,343,599,54,264,44
697,212,724,996,925,581,470,852,605,44,43,948,121,923,803,993,135,327,384,44
468,866,701,220,709,767,756,677,605,44,179,56,384,115,720,561,893,145,776,44
19,717,623,646,562,51,421,745,790,44,576,605,362,532,546,163,696,31,818,44
855,592,890,407,71,266,623,950,812,44,391,309,354,196,660,169,832,178,840,44
486,274,144,389,12,7,313,439,997,44,79,693,161,20,799,646,433,580,997,44
488,2,922,934,675,354,357,351,244,45,4,519,233,988,658,542,738,673,16,45
428,958,730,396,531,264,640,331,323,45,972,150,489,929,737,723,2,840,153,45
435,370,246,378,986,376,530,77,359,45,252,839,958,558,211,312,226,131,270,45
303,530,252,594,751,514,961,53,415,45,428,203,199,56,963,786,449,792,282,45
514,97,908,207,470,150,193,348,498,45,702,777,965,64,289,227,140,881,316,45
34,420,270,986,252,73,628,47,544,45,378,699,968,856,965,45,590,85,358,45
508,956,383,156,877,588,734,348,688,45,156,450,48,60,657,46,77,361,443,45
687,0,498,403,472,486,530,117,889,45,314,60,456,512,362,941,960,518,470,45
745,476,700,429,654,889,718,409,925,45,456,304,878,239,859,114,769,313,580,45
345,149,700,267,275,119,85,947,988,45,913,524,659,187,337,45,35,131,941,45
130,454,519,34,827,206,2,743,144,46,656,24,524,13,799,485,137,119,123,46
178,411,859,596,910,370,597,21,326,46,381,77,522,769,746,126,640,726,223,46
471,320,568,820,475,227,645,734,330,46,846,789,390,784,565,491,80,620,230,46
608,911,914,905,128,790,703,776,331,46,618,30,770,610,202,157,18,587,368,46
134,861,243,962,122,913,80,413,375,46,697,964,698,678,456,629,938,959,671,46
327,102,410,325,92,150,516,318,476,46,952,343,311,896,435,414,897,461,677,46
806,798,15,844,919,152,964,558,684,46,276,620,54,201,415,238,228,809,692,46
206,620,47,783,28,60,400,984,693,46,718,293,462,181,957,595,410,821,764,46
340,444,592,418,165,316,343,849,731,46,439,439,504,252,315,650,628,572,804,46
128,418,122,461,935,682,751,853,810,46,717,167,199,283,216,94,314,324,830,46
948,247,737,737,779,520,249,953,7,47,818,163,944,799,511,231,157,560,147,47
185,562,860,57,121,71,598,390,50,47,373,766,537,688,558,921,610,525,254,47
613,290,341,277,711,224,711,837,246,47,833,622,204,850,128,243,192,356,285,47
236,846,162,303,137,336,614,543,432,47,899,712,693,586,216,495,904,327,350,47
162,561,825,804,989,321,419,122,685,47,760,750,513,428,444,14,18,718,515,47
273,130,370,106,798,726,155,659,842,47,234,313,126,761,43,641,733,853,573,47
152,466,160,422,710,737,890,95,904,47,349,497,143,674,907,971,872,50,588,47
28,447,651,604,753,346,339,835,906,47,393,787,602,187,475,632,811,302,748,47
709,418,347,461,377,112,440,841,913,47,30,652,209,806,840,498,313,413,800,47
281,428,859,857,30,113,90,372,959,47,68,982,512,857,556,651,899,872,913,47
738,691,462,678,741,980,261,719,80,48,810,175,914,404,220,293,682,765,56,48
407,655,190,489,375,533,551,679,133,48,969,384,832,967,701,962,198,700,85,48
271,463,769,24,220,619,779,795,162,48,133,519,664,769,663,961,211,366,207,48
978,482,627,731,644,446,488,986,228,48,513,854,967,11,85,866,657,190,220,48
630,275,215,379,691,374,863,596,280,48,24,833,185,171,348,668,427,569,281,48
635,326,360,806,987,164,322,525,347,48,799,216,298,940,685,866,660,947,316,48
829,731,403,219,191,23,491,978,370,48,199,830,698,660,563,947,80,261,463,48
109,467,409,614,611,69,773,512,530,48,420,803,696,465,682,324,500,900,482,48
393,500,334,707,400,46,543,324,687,48,242,225,730,330,918,59,88,444,713,48
217,609,704,76,501,549,254,903,764,48,216,985,379,695,569,771,736,99,752,48
9,849,761,244,307,176,460,78,247,49,110,894,645,550,15,878,537,748,81,49
486,880,508,821,661,894,170,928,288,49,562,51,95,536,841,734,677,995,110,49
396,186,653,389,792,978,59,210,313,49,177,503,299,424,787,552,149,716,116,49
23,800,9,130,584,482,130,624,332,49,998,482,17,260,555,479,130,470,129,49
881,559,874,888,578,409,554,699,365,49,336,232,970,179,932,597,715,201,268,49
807,777,978,668,564,583,510,943,369,49,370,869,126,772,736,818,449,669,298,49
768,672,74,255,733,390,9,643,432,49,211,27,535,906,58,971,457,662,758,49
844,731,240,527,595,64,943,260,494,49,592,741,900,851,410,410,936,664,782,49
176,671,280,185,174,742,848,552,582,49,551,202,792,460,779,999,277,836,890,49
72,167,774,18,568,71,56,517,709,49,9,519,973,20,21,144,93,99,950,49
247,956,856,401,800,521,883,199,55,50,706,574,947,389,832,679,989,936,47,50
602,546,364,707,308,83,130,379,114,50,560,87,147,725,119,83,414,751,63,50
626,349,615,79,889,403,224,531,125,50,526,0,925,212,87,575,856,682,139,50
355,701,217,787,461,468,739,731,191,50,495,996,144,392,225,565,696,519,285,50
914,699,826,637,638,766,915,628,300,50,454,860,431,423,258,860,908,89,334,50
70,43,87,402,58,6,93,562,304,50,488,490,609,771,324,295,106,789,363,50
634,963,895,434,85,130,241,84,481,50,125,109,602,941,100,249,647,614,402,50
566,162,606,665,131,768,122,445,629,50,574,519,724,238,286,852,91,24,419,50
568,746,308,903,608,919,287,621,731,50,797,386,703,624,769,23,189,172,634,50
249,647,304,603,973,386,417,764,796,50,895,581,346,10,294,199,280,915,863,50
403,292,980,338,626,344,761,673,94,51,809,143,933,488,993,147,466,345,180,51
984,368,344,571,219,93,485,107,231,51,61,386,890,23,485,34,297,417,230,51
143,456,809,3,388,36,466,178,238,51,747,924,908,825,37,193,379,7,250,51
424,670,162,965,571,514,776,427,345,51,102,619,419,570,779,674,683,363,327,51
589,895,102,985,911,228,957,544,365,51,199,526,90,275,944,970,182,270,380,51
228,285,351,644,204,826,993,135,446,51,459,290,893,633,949,707,329,540,578,51
189,146,935,873,58,955,744,998,537,51,9,322,701,193,487,386,187,369,644,51
570,834,132,83,892,110,734,89,669,51,97,579,165,307,191,928,889,347,646,51
346,954,273,809,49,737,873,334,833,51,959,732,937,699,638,178,6,251,688,51
492,454,564,731,58,528,152,628,990,51,323,723,337,714,772,308,322,671,792,51
855,977,335,103,236,592,425,784,73,52,387,314,353,14,116,333,144,445,45,52
818,919,453,605,78,167,654,441,254,52,746,984,172,411,35,392,37,34,197,52
476,110,477,712,472,64,29,636,343,52,600,270,821,981,71,137,733,603,522,52
805,960,75,67,554,338,843,982,475,52,707,832,222,645,608,803,476,288,647,52
653,784,395,997,740,24,382,687,621,52,263,463,751,478,753,943,215,758,655,52
163,350,678,552,471,80,205,935,647,52,301,356,743,12,347,459,378,276,775,52
612,834,814,885,193,621,968,358,774,52,748,810,4,39,902,77,71,136,833,52
368,485,779,444,270,697,562,637,811,52,206,376,921,792,533,450,575,251,907,52
569,9,231,938,492,881,978,476,848,52,841,318,584,523,710,632,724,650,913,52
947,56,286,623,40,613,966,166,884,52,789,667,222,405,396,547,894,207,959,52
745,954,621,683,892,575,150,63,2,53,20,408,148,410,802,145,107,446,274,53
295,775,504,285,214,133,351,698,272,53,731,414,231,859,865,882,391,558,414,53
287,47,602,885,110,67,524,143,330,53,414,927,533,347,551,525,588,755,480,53
234,952,773,578,577,67,980,40,398,53,656,10,539,296,496,127,91,574,494,53
12,330,823,14,306,509,218,516,488,53,709,891,255,720,923,356,227,471,533,53
253,633,34,545,282,979,678,170,503,53,786,488,973,787,312,534,923,37,566,53
690,721,103,474,122,780,12,410,786,53,89,777,120,652,990,44,30,393,638,53
644,311,594,446,142,90,923,969,848,53,257,229,71,89,222,39,232,573,704,53
778,42,149,173,468,492,388,679,863,53,384,631,345,490,438,271,376,640,815,53
162,14,197,744,108,990,827,307,904,53,468,439,221,39,324,524,670,29,930,53
952,938,297,311,651,993,200,336,192,54,467,684,86,305,222,132,597,275,58,54
515,576,658,542,473,640,836,618,198,54,764,638,265,906,883,57,886,945,86,54
949,344,73,77,903,112,509,415,313,54,203,668,705,167,507,907,562,823,168,54
644,861,606,6,768,511,768,475,342,54,628,830,658,673,32,265,374,656,180,54
726,988,703,796,677,278,326,765,605,54,146,844,718,795,616,504,130,786,223,54
596,99,569,971,369,719,746,35,616,54,680,7,997,985,231,786,509,755,378,54
340,827,268,202,794,16,696,229,702,54,416,74,828,971,906,543,381,793,532,54
152,965,276,713,546,381,44,479,788,54,688,321,27,47,983,982,699,311,802,54
530,205,518,520,713,167,291,273,844,54,32,502,418,835,783,822,962,739,821,54
769,603,528,780,691,718,102,239,962,54,339,879,466,934,712,660,505,760,994,54
352,273,940,325,524,672,243,951,84,55,824,997,881,558,137,818,373,647,136,55
589,448,717,31,9,77,327,581,406,55,837,890,872,46,872,399,357,851,215,55
704,104,586,699,373,211,414,306,562,55,703,161,942,69,931,531,242,695,274,55
52,650,825,600,119,943,831,530,742,55,853,465,83,756,782,784,747,458,445,55
151,291,31,638,940,264,341,48,748,55,646,318,767,819,439,724,234,983,490,55
60,85,881,97,684,205,349,176,794,55,260,466,678,322,952,968,625,467,540,55
836,764,65,176,309,630,862,367,833,55,397,951,489,36,258,245,682,802,603,55
864,418,187,409,733,585,978,507,892,55,300,835,135,671,918,800,821,184,606,55
538,913,242,85,303,162,41,690,902,55,539,360,581,345,952,462,116,817,750,55
102,91,131,654,826,595,262,893,983,55,617,875,648,797,423,44,183,259,903,55
518,296,261,723,130,407,820,562,229,56,296,606,490,923,75,302,433,331,93,56
90,88,858,879,489,848,599,850,349,56,789,443,424,886,769,170,496,778,192,56
140,446,745,50,184,393,381,698,426,56,531,748,567,685,0,570,485,135,240,56
790,424,718,862,739,744,352,727,444,56,710,6,569,597,753,811,502,307,245,56
710,666,20,410,264,436,270,914,505,56,730,834,314,947,530,92,944,259,265,56
184,499,825,494,589,587,917,54,512,56,990,309,615,877,909,421,571,154,313,56
239,703,19,92,146,206,422,139,583,56,571,769,744,524,153,522,854,368,414,56
978,605,905,456,701,917,488,394,629,56,842,488,456,915,854,962,835,141,743,56
335,863,767,352,822,240,366,984,713,56,779,93,158,623,815,61,361,945,864,56
623,12,395,889,466,950,38,289,837,56,527,905,222,425,362,26,381,301,921,56
576,748,443,471,199,811,15,362,25,57,778,678,316,655,434,307,989,677,53,57
343,933,906,63,78,98,61,981,146,57,978,336,378,814,811,27,888,665,204,57
74,251,184,873,359,356,658,187,176,57,414,860,856,896,518,742,565,487,271,57
608,718,949,749,282,76,630,541,181,57,382,50,711,543,317,429,614,129,329,57
116,276,284,12,75,510,629,83,318,57,719,632,697,518,561,703,151,462,358,57
508,441,467,523,602,752,414,51,337,57,774,108,405,348,692,524,188,89,583,57
282,704,839,783,806,311,760,709,489,57,4,299,959,543,928,960,665,124,714,57
823,236,273,986,56,294,996,704,529,57,564,279,121,302,949,226,732,58,756,57
360,457,329,961,44,951,924,900,731,57,260,630,149,201,928,630,281,912,809,57
642,33,980,110,20,945,176,7,846,57,562,242,974,81,522,493,601,236,948,57
8,168,722,634,55,554,215,487,12,58,409,415,692,649,139,555,215,935,35,58
689,729,769,534,316,871,214,792,78,58,508,795,794,538,169,986,470,623,135,58
729,565,92,444,140,695,486,342,376,58,777,21,38,259,767,701,767,489,200,58
931,2,929,658,308,500,68,123,511,58,703,957,710,178,11,676,580,376,235,58
453,759,555,92,866,657,585,73,674,58,806,102,393,413,868,506,977,133,240,58
85,14,695,854,369,364,775,992,678,58,317,367,81,567,393,652,198,285,317,58
738,514,351,537,490,463,45,652,699,58,779,131,193,537,401,803,620,91,471,58
971,404,368,340,824,581,507,121,720,58,653,290,277,57,838,682,183,36,725,58
393,983,79,871,366,168,385,473,759,58,108,232,231,34,230,8,769,928,835,58
222,451,887,914,174,812,572,812,772,58,542,382,542,352,290,415,643,654,856,58
70,967,334,643,854,152,235,849,35,59,204,125,735,940,402,681,271,45,22,59
506,710,935,457,594,233,780,434,275,59,375,520,302,935,842,274,835,657,27,59
476,80,229,522,685,163,654,466,342,59,736,933,875,882,440,874,312,800,104,59
348,380,302,389,811,775,94,124,462,59,160,694,197,661,525,637,72,75,209,59
322,832,207,17,234,193,940,499,519,59,596,630,823,836,973,200,143,492,226,59
660,495,283,227,714,269,668,624,548,59,79,725,978,508,975,130,198,611,479,59
689,497,729,672,842,459,183,998,605,59,756,493,410,657,634,669,342,885,594,59
282,851,144,236,746,480,627,320,619,59,28,189,817,531,197,380,717,803,708,59
490,647,861,806,925,788,603,409,761,59,992,744,986,905,944,943,307,92,715,59
595,54,355,454,981,222,65,34,890,59,390,987,770,958,31,603,687,338,804,59
278,256,79,974,89,525,514,149,4,60,753,45,899,258,947,874,962,448,30,60
818,520,168,307,8,98,995,206,58,60,897,487,144,626,593,649,59,83,252,60
635,378,668,522,592,643,745,19,75,60,605,262,782,343,66,378,865,930,314,60
927,569,652,256,538,520,499,887,85,60,245,175,620,270,816,865,71,280,370,60
297,394,999,609,452,41,438,7,338,60,112,834,619,738,152,998,826,475,435,60
882,164,789,380,118,267,245,309,505,60,103,411,534,871,502,66,146,678,604,60
151,630,820,509,278,150,996,349,623,60,236,485,501,23,826,277,694,735,680,60
553,874,512,278,856,375,124,238,729,60,84,546,803,488,355,15,240,434,699,60
776,319,147,293,965,587,10,468,899,60,86,943,976,23,365,346,913,720,805,60
525,597,140,948,425,818,359,759,989,60,613,8,127,699,544,987,803,928,812,60
485,358,444,863,188,157,789,153,0,61,769,42,513,568,416,527,903,167,4,61
480,906,20,638,783,586,196,52,285,61,17,391,774,726,252,866,362,380,21,61
897,253,802,607,735,869,675,648,390,61,521,982,987,209,378,593,225,395,184,61
799,605,410,822,122,146,929,221,452,61,743,634,104,415,167,62,974,792,221,61
503,410,252,234,181,641,327,380,455,61,269,605,739,535,675,721,832,389,335,61
178,185,70,962,225,311,661,826,457,61,272,423,216,980,729,939,237,899,355,61
410,958,618,66,713,787,825,366,597,61,480,601,843,771,588,124,447,743,500,61
467,765,657,885,561,547,431,405,752,61,857,987,617,780,783,86,170,445,742,61
260,657,441,27,800,165,354,485,758,61,434,63,804,512,981,670,514,366,799,61
637,570,992,674,334,606,124,850,999,61,149,528,468,139,750,591,53,938,862,61
646,856,921,544,457,925,730,850,11,62,676,328,543,298,860,983,12,192,51,62
581,677,612,295,798,13,572,6,164,62,523,103,592,518,443,814,37,805,244,62
236,745,187,863,743,544,804,900,217,62,61,65,433,510,783,651,459,828,290,62
286,853,787,705,307,815,293,847,251,62,670,553,572,656,774,156,192,504,527,62
184,242,83,121,596,748,881,844,303,62,906,723,362,203,705,273,222,831,561,62
229,736,577,289,714,364,561,974,310,62,974,974,838,675,624,42,190,121,709,62
596,945,67,633,555,158,640,275,520,62,599,70,687,184,953,924,631,821,763,62
864,171,770,445,53,512,333,803,689,62,728,623,857,789,686,589,720,455,781,62
259,132,573,571,700,601,273,972,736,62,516,877,121,425,665,524,706,342,782,62
408,644,34,296,841,58,855,692,835,62,558,987,343,620,636,892,78,576,827,62
684,720,510,227,940,636,906,804,178,63,294,883,592,172,707,418,420,747,104,63
789,568,117,456,987,490,256,761,365,63,289,255,495,723,375,169,120,133,123,63
824,44,381,330,517,690,862,532,424,63,229,961,649,43,740,117,856,935,336,63
577,407,603,182,653,140,619,623,469,63,19,742,874,546,85,799,95,217,351,63
922,116,327,638,710,871,158,795,627,63,534,184,189,536,458,13,573,157,480,63
937,214,259,506,778,301,841,519,713,63,876,890,543,107,879,830,216,178,670,63
426,321,491,131,137,624,506,658,829,63,79,71,535,613,348,723,302,344,808,63
101,836,246,653,35,700,759,248,906,63,934,707,463,296,193,688,708,769,829,63
662,864,575,139,336,609,841,514,930,63,690,396,560,412,530,689,847,567,961,63
993,270,621,808,362,988,305,815,970,63,936,541,167,341,27,749,319,948,997,63
730,295,874,602,393,362,105,521,26,64,219,368,64,202,365,530,506,921,26,64
494,361,834,500,746,818,243,144,193,64,783,798,31,259,686,617,635,557,178,64
554,354,949,307,156,584,35,716,233,64,736,178,442,324,106,630,320,616,197,64
440,935,370,888,383,487,292,732,254,64,578,370,713,644,401,139,79,498,262,64
191,782,980,561,894,546,53,407,414,64,960,106,454,514,87,579,795,521,278,64
371,798,363,37,429,666,816,702,448,64,309,920,955,838,138,54,862,99,328,64
72,291,264,550,47,768,489,101,626,64,844,295,598,556,281,203,324,589,468,64
58,120,98,600,391,201,329,216,634,64,68,825,305,118,770,820,30,89,537,64
861,446,916,482,263,957,705,578,716,64,675,320,876,148,348,308,189,102,568,64
396,373,947,702,247,758,491,150,744,64,943,710,334,144,840,767,67,836,882,64
678,911,142,889,669,353,763,70,147,65,560,811,601,811,230,772,153,509,299,65
251,206,251,493,696,644,960,722,158,65,952,723,865,158,852,442,223,86,409,65
517,255,230,361,373,825,655,4,274,65,709,116,116,590,370,843,727,231,472,65
56,75,353,454,18,150,184,641,356,65,340,416,124,385,708,360,627,14,557,65
939,581,292,560,239,738,975,309,414,65,350,185,457,525,919,659,269,500,582,65
733,539,728,771,856,386,916,159,486,65,96,329,199,43,202,459,398,774,587,65
310,47,124,177,461,91,372,165,582,65,484,548,186,336,928,662,211,300,722,65
244,835,492,306,44,969,314,92,862,65,616,924,499,65,383,504,946,287,777,65
899,972,817,12,568,238,542,132,908,65,361,882,323,290,287,28,217,297,813,65
2,905,506,150,455,132,346,241,915,65,791,467,281,821,183,983,750,786,857,65
217,21,427,315,711,150,758,577,129,66,68,733,406,837,855,462,812,497,37,66
33,233,473,433,345,852,99,818,165,66,251,550,584,700,475,60,996,603,125,66
40,232,273,856,537,843,755,915,249,66,631,543,705,183,250,371,578,545,214,66
182,513,161,649,953,42,706,296,296,66,552,638,740,309,645,675,984,294,288,66
591,629,163,350,133,657,270,346,396,66,323,728,87,576,338,286,517,37,369,66
366,138,702,109,782,48,489,419,477,66,848,835,77,323,590,675,407,911,376,66
190,164,71,953,181,918,648,491,486,66,595,65,909,20,956,361,667,983,454,66
578,129,944,404,337,547,297,648,628,66,824,730,937,509,165,49,781,795,589,66
235,183,625,130,587,557,540,402,675,66,713,139,672,310,82,338,613,60,806,66
535,426,708,655,231,521,856,424,795,66,496,976,825,696,692,89,154,102,862,66
390,879,472,170,353,635,813,639,28,67,514,206,365,660,156,195,634,220,243,67
925,671,608,387,783,602,21,317,245,67,419,573,87,679,913,79,953,174,350,67
350,280,102,551,88,86,496,912,323,67,283,941,672,879,823,93,86,224,355,67
734,625,9,293,266,941,166,862,337,67,585,320,785,360,179,493,600,106,588,67
761,703,404,349,497,969,4,983,484,67,609,824,358,492,909,539,665,77,695,67
814,15,23,531,569,256,767,129,715,67,471,891,569,605,762,171,891,188,738,67
229,163,27,310,126,189,263,82,742,67,437,822,347,148,207,239,453,320,891,67
779,323,864,351,564,26,671,201,882,67,13,942,706,969,476,141,768,3,898,67
558,416,674,872,753,650,112,533,892,67,862,9,545,164,261,811,225,500,930,67
229,322,672,553,349,899,868,242,921,67,252,426,247,566,492,645,600,441,990,67
579,931,55,37,168,540,630,556,206,68,248,929,168,801,865,153,643,5,23,68
698,569,402,296,863,646,672,150,427,68,924,49,655,621,428,23,164,408,49,68
404,559,889,217,772,165,703,526,535,68,858,143,78,732,30,187,371,513,339,68
562,82,519,436,896,709,700,183,639,68,263,68,955,750,379,915,76,280,560,68
424,469,621,413,392,831,516,396,686,68,794,489,914,124,449,234,594,42,683,68
530,45,552,745,831,842,18,169,689,68,323,991,826,923,524,66,434,140,717,68
198,944,900,607,677,449,893,301,769,68,205,306,528,288,223,817,638,839,806,68
388,659,386,944,409,588,739,550,892,68,897,615,754,726,773,445,802,723,862,68
475,0,808,246,932,413,723,362,930,68,853,701,38,385,120,765,550,108,969,68
639,134,534,845,168,536,635,165,930,68,500,155,582,254,928,483,770,814,976,68
393,272,829,812,277,62,965,261,158,69,295,62,523,835,195,559,314,695,60,69
37,499,939,711,588,556,776,184,200,69,226,477,593,98,480,268,627,829,81,69
926,917,353,727,822,650,765,78,271,69,278,497,967,672,931,497,490,101,88,69
960,872,971,745,799,758,200,895,277,69,992,505,349,172,973,273,912,100,267,69
853,143,81,458,796,852,699,254,279,69,696,947,685,692,754,307,163,763,462,69
469,448,346,663,708,90,690,958,624,69,189,239,156,479,618,930,53,292,484,69
10,953,962,96,695,37,371,632,678,69,156,767,357,187,922,985,894,934,785,69
717,875,274,882,835,285,773,90,699,69,439,500,557,242,922,23,468,162,812,69
462,831,272,520,109,91,607,500,736,69,26,643,17,139,727,856,227,108,821,69
817,725,930,752,28,730,949,966,891,69,646,225,391,243,596,811,428,413,942,69
424,763,8,38,201,779,176,942,179,70,950,699,469,61,932,395,948,150,153,70
893,241,46,998,681,640,374,509,238,70,88,208,36,355,539,87,770,6,157,70
426,6,726,399,507,146,871,174,301,70,154,365,14,976,510,925,514,530,403,70
323,805,845,507,829,737,107,6,354,70,952,809,871,279,193,325,613,682,463,70
66,967,299,816,61,609,250,897,392,70,710,434,160,583,343,417,676,386,495,70
379,79,748,278,341,700,148,457,553,70,834,646,803,184,772,698,659,329,571,70
682,510,548,103,452,231,948,847,642,70,823,156,996,864,26,918,175,412,585,70
257,238,86,736,721,87,667,500,863,70,179,137,850,538,805,68,699,799,596,70
320,723,782,247,273,586,618,476,953,70,933,706,950,698,195,736,990,803,718,70
401,828,451,785,69,264,4,285,976,70,257,361,116,404,882,407,553,510,993,70
810,256,137,984,184,50,341,862,11,71,767,202,732,466,338,607,217,866,80,71
864,186,604,77,276,821,98,591,119,71,110,917,337,266,453,874,422,17,126,71
74,866,709,352,926,447,87,65,251,71,278,744,772,23,449,879,288,735,205,71
562,704,846,132,553,492,418,505,277,71,957,474,382,870,525,356,501,254,211,71
860,20,122,554,663,414,588,631,515,71,765,692,730,644,523,420,791,183,433,71
372,221,348,136,994,989,564,820,553,71,830,262,515,484,523,929,506,704,557,71
860,634,260,325,899,115,912,585,714,71,195,69,947,755,340,274,689,455,622,71
623,570,593,119,34,486,361,127,804,71,146,202,765,546,580,272,975,551,689,71
827,932,142,110,790,364,560,650,806,71,535,256,883,969,716,161,892,937,768,71
700,197,683,67,251,657,274,848,844,71,629,676,364,639,399,293,800,218,831,71
419,579,78,340,594,295,854,918,15,72,827,849,601,202,172,585,338,869,47,72
609,872,969,26,474,468,579,177,162,72,659,299,810,684,566,641,860,800,117,72
930,98,602,760,507,499,147,372,206,72,127,961,217,702,914,623,695,437,342,72
698,181,442,520,169,35,201,281,265,72,874,318,102,867,447,180,972,946,396,72
206,233,162,462,617,181,608,317,273,72,263,166,485,862,648,956,82,752,520,72
386,909,63,326,951,18,905,254,571,72,187,836,866,368,439,489,511,351,557,72
612,687,536,513,646,785,537,719,683,72,303,665,987,687,327,720,999,935,610,72
856,358,352,507,56,646,652,483,722,72,568,447,198,946,746,87,174,852,628,72
768,487,408,366,255,942,133,163,900,72,549,380,879,723,324,420,593,434,821,72
173,919,398,584,139,595,849,372,932,72,866,858,421,31,606,543,27,710,989,72
308,36,781,525,965,876,149,546,230,73,815,731,541,119,771,254,975,283,89,73
155,622,153,469,845,199,219,935,286,73,117,481,870,370,57,928,264,77,190,73
245,331,333,481,360,152,577,851,388,73,53,346,576,861,900,92,612,343,269,73
528,402,85,154,643,963,691,812,556,73,756,242,744,315,400,210,158,883,321,73
485,406,72,354,579,299,185,671,621,73,28,222,182,504,929,193,986,811,426,73
453,869,9,45,301,6,856,729,642,73,403,797,666,231,477,382,647,823,500,73
63,660,915,945,67,587,57,643,677,73,896,813,458,493,897,650,844,367,576,73
983,10,30,991,399,372,217,793,792,73,203,641,123,72,91,117,115,859,629,73
664,586,232,175,519,715,15,980,873,73,179,187,845,500,544,319,0,256,761,73
248,908,304,712,377,317,974,404,953,73,537,125,742,938,21,509,657,605,770,73
146,332,346,987,349,827,700,319,165,74,43,257,620,394,178,554,929,831,213,74
483,315,135,701,413,566,436,577,224,74,669,886,905,252,456,299,490,789,407,74
848,905,829,484,495,271,731,883,345,74,584,431,105,154,410,733,562,592,423,74
734,928,563,745,36,915,927,569,441,74,769,85,157,211,90,298,119,810,654,74
948,449,521,890,281,357,248,651,609,74,130,984,940,326,909,496,3,689,795,74
363,424,293,770,701,47,55,883,703,74,204,444,343,943,322,376,798,830,822,74
941,704,50,667,671,998,986,713,760,74,889,871,396,821,796,739,947,441,835,74
982,458,17,799,173,724,483,424,867,74,214,723,523,574,970,379,34,553,859,74
418,472,969,989,212,110,645,73,874,74,961,145,19,967,718,733,905,610,880,74
631,33,251,5,364,708,809,840,981,74,390,703,671,946,54,324,117,718,906,74
916,513,337,324,377,905,936,997,405,75,611,204,10,398,679,942,315,444,412,75
561,878,705,541,169,253,669,982,423,75,494,936,152,724,383,376,382,503,483,75
50,5,182,313,277,685,217,692,485,75,222,660,758,643,778,228,395,459,493,75
342,379,944,842,128,734,635,574,541,75,685,769,26,960,923,527,907,841,593,75
902,20,54,108,393,941,937,129,548,75,279,164,601,311,562,309,594,647,664,75
101,381,26,631,814,381,414,800,576,75,220,373,110,902,87,578,53,827,848,75
533,865,978,485,500,979,774,56,685,75,969,618,178,63,741,249,973,466,903,75
787,329,46,332,794,754,227,663,774,75,147,968,532,388,998,396,696,414,923,75
857,179,791,789,304,739,180,751,813,75,682,250,572,542,961,691,989,749,940,75
534,752,20,273,965,152,223,94,941,75,934,587,625,433,203,715,235,673,998,75
374,501,396,723,297,352,859,674,49,76,275,409,846,569,642,902,509,996,88,76
298,341,639,819,272,501,260,982,104,76,115,690,463,177,687,8,60,638,155,76
881,500,946,718,180,793,697,359,467,76,535,892,447,556,602,153,441,575,251,76
215,86,457,705,505,563,362,288,490,76,895,108,167,81,369,993,928,467,265,76
80,628,208,169,236,276,381,224,529,76,688,357,681,928,836,296,769,203,368,76
473,889,727,240,76,568,869,172,601,76,948,426,881,754,686,309,242,456,530,76
62,35,573,482,180,43,133,919,720,76,824,437,903,116,486,385,551,430,799,76
981,711,585,234,700,695,520,367,835,76,569,768,422,892,677,931,181,554,848,76
728,618,127,877,158,801,700,936,855,76,861,849,170,566,242,669,521,577,929,76
670,583,747,253,838,731,367,772,860,76,918,289,460,7,240,441,31,45,972,76
208,843,574,64,976,517,66,563,11,77,253,813,464,711,343,654,171,648,15,77
350,76,560,465,636,656,67,12,37,77,610,28,735,384,637,213,237,798,283,77
962,863,154,911,943,723,176,428,80,77,469,172,271,119,546,342,464,294,378,77
433,392,47,688,838,908,698,771,150,77,873,679,935,663,89,434,627,984,578,77
940,419,507,164,756,281,232,158,190,77,156,435,942,277,764,192,318,941,613,77
927,526,138,574,123,816,179,805,301,77,791,527,360,545,499,893,859,694,619,77
190,679,741,447,921,33,634,661,346,77,156,921,622,294,462,473,97,314,670,77
247,622,704,613,410,131,718,873,441,77,148,765,931,224,198,257,514,663,851,77
166,591,853,409,30,631,655,45,764,77,37,316,195,458,946,40,510,504,872,77
795,653,557,379,914,400,163,222,874,77,519,203,43,454,353,829,35,415,955,77
427,893,79,39,191,122,505,833,208,78,336,99,225,66,686,145,473,346,25,78
971,78,102,411,704,25,157,748,335,78,484,1,688,812,747,210,559,378,64,78
451,877,191,939,888,997,668,32,347,78,410,992,717,522,555,415,450,516,98,78
78,802,980,960,53,307,72,122,578,78,980,199,949,475,721,481,47,338,164,78
667,633,17,667,243,658,491,498,642,78,886,37,950,298,586,679,499,464,398,78
847,10,475,627,331,454,87,746,762,78,510,376,669,724,714,807,282,554,510,78
486,490,223,946,300,180,617,428,788,78,495,128,975,989,491,635,149,740,704,78
519,698,220,799,77,479,411,32,853,78,281,580,58,58,303,868,284,314,749,78
857,69,328,769,240,637,458,218,886,78,421,685,378,785,376,528,112,975,882,78
269,435,975,558,192,75,592,273,963,78,612,123,177,585,793,85,563,264,955,78
566,943,908,976,494,541,980,353,48,79,996,223,572,35,4,775,911,878,42,79
605,14,201,362,547,397,781,900,141,79,911,580,642,777,64,181,274,648,92,79
352,23,396,440,888,775,635,330,163,79,510,226,633,476,533,255,840,253,108,79
340,38,812,79,857,786,537,111,323,79,664,66,470,315,390,989,680,377,117,79
892,212,849,206,466,261,120,890,411,79,511,319,587,504,492,968,807,667,221,79
136,586,125,114,583,216,926,908,465,79,488,104,484,661,293,591,54,450,279,79
681,646,395,286,705,803,44,630,484,79,996,696,504,405,603,605,492,63,373,79
977,527,324,721,169,909,787,72,684,79,345,129,988,420,645,964,21,562,701,79
782,203,467,409,83,998,274,998,695,79,481,528,661,120,732,399,494,734,715,79
860,247,286,707,199,459,180,863,836,79,686,699,290,535,203,715,714,937,946,79
0,225,509,183,57,881,669,900,89,80,817,550,51,349,852,308,596,508,33,80
146,176,210,996,931,582,431,164,92,80,298,319,582,675,831,539,486,525,186,80
353,812,46,376,78,250,741,520,142,80,729,310,483,415,61,125,705,502,277,80
377,895,409,454,262,241,358,78,272,80,952,578,627,676,979,792,416,431,317,80
375,699,741,832,620,752,579,788,413,80,127,755,57,603,700,993,314,481,471,80
951,631,298,794,335,543,767,98,452,80,437,650,112,469,144,194,372,156,478,80
556,180,679,210,127,424,914,749,581,80,712,45,26,522,602,197,218,843,480,80
862,992,891,812,661,305,926,616,610,80,452,47,389,245,555,95,760,331,531,80
530,101,856,679,819,590,446,291,724,80,483,376,371,617,137,672,190,13,783,80
381,895,962,974,621,964,497,4,942,80,944,811,468,123,643,713,161,532,784,80
497,828,512,894,353,702,937,871,55,81,85,869,759,364,512,97,703,866,262,81
730,291,230,43,563,986,552,277,128,81,87,978,351,430,591,441,485,216,280,81
409,260,661,641,520,288,93,923,194,81,538,863,804,255,303,694,649,582,341,81
983,546,139,460,261,825,598,893,265,81,826,83,978,65,416,791,849,693,349,81
178,134,267,677,543,786,336,751,513,81,220,458,277,825,564,17,785,563,670,81
253,696,726,627,498,285,77,783,592,81,673,826,222,80,817,195,237,908,741,81
483,469,850,799,340,835,812,52,708,81,318,161,117,776,703,897,583,40,814,81
951,850,329,511,348,423,738,85,724,81,228,17,270,11,106,431,452,727,843,81
658,576,14,994,969,351,994,605,762,81,660,247,975,619,866,210,728,744,897,81
299,966,195,781,817,601,919,675,798,81,921,199,422,371,785,723,107,280,973,81
308,6,693,529,838,871,768,425,39,82,781,45,219,499,80,633,937,727,68,82
711,286,223,380,356,967,754,636,104,82,949,875,875,450,934,851,413,267,185,82
831,351,117,1,54,213,800,335,548,82,831,483,789,651,471,76,757,49,205,82
87,596,412,874,407,947,767,35,557,82,222,185,781,324,858,610,780,803,240,82
807,110,749,729,194,971,328,794,634,82,66,638,478,758,843,428,420,529,247,82
165,358,776,63,768,254,4,324,665,82,132,161,53,330,714,768,190,565,413,82
552,420,413,304,706,987,941,849,719,82,484,594,828,747,948,85,503,287,413,82
631,897,95,191,120,951,482,199,740,82,331,946,420,642,419,921,285,237,567,82
41,570,586,562,329,295,61,212,762,82,355,73,47,134,321,880,54,269,639,82
235,94,340,923,5,505,213,852,991,82,997,258,402,369,270,828,316,277,752,82
516,950,707,937,644,150,453,487,2,83,340,168,476,317,936,626,70,357,33,83
895,891,689,211,846,689,488,881,15,83,747,292,980,323,420,217,170,499,154,83
380,573,100,979,664,527,662,187,287,83,46,213,300,808,492,626,4,170,181,83
834,77,7,448,965,821,692,943,553,83,648,809,807,785,854,320,184,430,288,83
889,57,678,248,163,898,625,933,584,83,183,619,448,528,344,689,243,95,459,83
667,181,339,742,230,822,672,592,617,83,679,408,119,958,96,707,315,533,544,83
206,614,534,344,810,130,978,552,654,83,388,248,130,935,150,97,233,272,620,83
439,938,450,949,452,908,758,86,898,83,277,270,600,372,831,182,262,796,926,83
86,605,137,4,471,166,759,37,935,83,141,660,536,44,169,461,960,480,976,83
423,605,256,70,136,536,531,636,955,83,195,782,53,617,823,235,822,667,984,83
835,49,854,624,14,438,721,205,106,84,330,57,671,531,870,598,67,99,54,84
772,841,180,498,147,310,716,273,192,84,419,969,370,664,902,596,459,457,288,84
918,112,188,801,309,121,358,548,278,84,860,549,576,715,664,567,644,110,291,84
172,57,335,415,568,531,88,165,364,84,601,135,310,53,597,95,660,965,427,84
9,527,292,14,436,846,580,212,579,84,842,899,666,62,936,997,276,622,520,84
466,301,978,741,919,46,638,543,678,84,354,532,709,755,705,390,42,431,759,84
120,188,702,832,164,715,914,767,681,84,453,876,174,672,722,353,607,587,844,84
125,987,186,882,329,918,320,472,873,84,943,517,225,777,890,199,894,424,964,84
944,973,992,506,490,151,760,632,952,84,155,77,97,301,353,928,893,31,973,84
888,712,526,507,171,591,563,837,964,84,522,849,796,770,81,740,290,781,984,84
326,11,275,166,999,561,591,221,80,85,504,827,11,697,180,413,884,501,16,85
588,652,328,497,519,290,317,745,202,85,444,667,776,486,19,125,921,667,92,85
818,945,457,984,998,562,639,86,267,85,778,310,355,966,31,786,93,453,183,85
497,45,541,353,435,384,472,703,338,85,32,741,356,477,956,535,110,20,562,85
86,17,509,419,504,333,859,898,375,85,948,931,818,947,460,516,712,359,708,85
662,954,403,495,844,871,827,111,515,85,542,828,796,713,598,905,660,362,711,85
455,334,552,174,645,923,993,91,534,85,990,135,713,343,441,993,798,747,777,85
256,609,853,699,45,715,719,484,660,85,903,850,671,720,444,24,952,357,785,85
392,976,553,441,760,554,912,520,826,85,508,291,650,767,512,357,578,975,874,85
661,643,802,604,762,900,475,236,993,85,232,871,875,953,232,988,987,308,969,85
362,944,386,684,656,562,606,472,16,86,847,119,530,132,525,888,203,595,19,86
742,644,135,686,65,401,832,935,74,86,172,717,807,309,190,977,792,174,141,86
921,594,501,146,669,467,874,845,132,86,878,352,120,584,281,291,46,722,324,86
846,484,924,802,126,748,503,94,202,86,848,395,772,809,57,371,106,282,426,86
820,717,188,636,400,222,575,41,256,86,964,437,421,539,979,508,499,598,543,86
468,412,187,375,829,342,476,171,468,86,53,748,496,119,985,877,989,945,719,86
814,957,338,184,9,712,733,447,569,86,818,364,859,344,776,796,242,232,751,86
160,896,175,625,875,890,22,666,712,86,707,341,1,608,47,805,668,350,854,86
349,34,291,732,348,135,472,924,793,86,891,396,292,312,172,114,656,702,878,86
646,292,7,660,321,460,748,151,801,86,516,410,3,830,175,847,693,196,965,86
374,591,615,818,434,91,256,405,52,87,94,628,30,284,583,565,158,982,59,87
385,277,679,297,953,59,76,120,179,87,251,125,152,661,617,794,9,352,121,87
469,906,715,731,220,537,363,648,278,87,619,612,123,6,820,315,467,791,433,87
351,972,682,829,403,426,656,154,519,87,300,191,644,237,514,852,955,37,714,87
856,224,630,508,902,132,588,126,551,87,174,318,78,853,940,995,324,82,721,87
256,609,273,930,893,845,945,447,553,87,966,314,818,806,795,529,301,813,730,87
640,778,811,211,698,421,245,546,783,87,80,185,920,777,338,680,313,907,899,87
249,50,269,982,945,119,985,686,832,87,599,181,286,523,199,792,571,437,925,87
193,39,358,463,826,716,603,730,860,87,835,814,774,530,968,615,831,670,944,87
932,517,447,789,285,166,369,316,923,87,724,176,85,907,194,125,157,603,969,87
775,559,63,572,236,990,543,834,33,88,794,675,158,951,788,209,718,965,8,88
760,81,449,521,268,971,389,286,75,88,763,706,363,483,660,780,391,381,32,88
390,156,423,437,409,577,505,718,106,88,114,489,845,802,436,430,471,2,91,88
71,588,549,619,150,614,133,636,384,88,575,190,553,796,706,323,948,244,203,88
47,169,792,145,503,332,238,144,526,88,160,942,688,376,547,432,428,439,425,88
370,703,3,123,551,987,299,202,714,88,54,544,938,460,476,36,874,143,511,88
597,680,947,995,278,648,578,740,729,88,523,74,931,789,360,110,342,674,652,88
770,662,408,637,190,287,290,134,749,88,721,612,448,20,149,861,207,229,710,88
96,674,54,635,158,657,657,246,791,88,632,598,943,369,781,985,377,287,712,88
666,347,853,807,536,356,133,742,985,88,331,689,379,931,457,870,144,753,734,88
145,844,101,515,145,985,629,923,313,89,215,157,62,479,43,521,956,138,196,89
643,945,247,18,847,80,692,291,618,89,48,108,560,913,858,705,839,788,202,89
569,282,434,961,833,781,538,149,619,89,684,460,378,783,419,455,210,414,282,89
40,784,600,910,140,773,680,560,619,89,509,397,701,14,925,188,855,599,392,89
69,827,984,116,139,325,673,124,687,89,851,982,850,830,64,624,572,861,456,89
184,920,261,432,234,570,547,473,729,89,901,834,289,945,19,746,291,173,475,89
829,766,493,416,142,136,544,315,807,89,571,204,920,840,137,367,683,2,572,89
183,67,864,612,56,894,421,60,828,89,774,727,767,100,950,630,465,901,643,89
185,111,295,457,72,760,857,733,939,89,644,506,465,644,100,316,900,541,766,89
848,947,789,559,806,61,576,776,980,89,121,400,517,396,514,456,286,404,823,89
22,378,752,275,109,634,339,246,38,90,864,925,292,426,928,526,206,509,294,90
780,924,564,704,296,942,785,32,109,90,704,243,306,926,605,322,217,983,336,90
832,256,764,102,86,714,761,921,124,90,189,334,608,864,209,744,178,603,374,90
892,829,870,236,118,597,162,0,192,90,72,725,251,430,855,58,112,369,388,90
688,881,848,761,242,353,406,930,272,90,220,327,676,917,406,585,421,19,618,90
32,712,862,144,791,386,665,561,306,90,274,254,181,455,780,596,271,769,635,90
265,988,159,496,895,967,719,164,549,90,483,478,606,909,906,609,273,915,695,90
6,288,12,667,651,661,761,211,677,90,919,78,961,962,907,7,502,73,859,90
793,484,540,273,580,280,549,185,963,90,291,681,684,64,750,521,247,115,876,90
892,410,539,300,297,234,424,48,977,90,240,273,819,87,910,689,53,664,940,90
90,485,892,433,655,165,474,865,7,91,908,485,101,87,10,812,307,422,110,91
432,327,806,736,636,462,867,170,10,91,935,104,301,27,598,711,334,189,127,91
494,44,335,516,974,39,642,796,13,91,210,929,240,262,623,153,875,308,162,91
277,221,975,93,207,506,901,409,169,91,657,746,69,953,544,227,530,906,283,91
19,703,107,87,86,598,499,635,227,91,4,446,860,39,113,777,904,421,358,91
487,57,750,903,365,405,395,935,368,91,945,259,818,624,271,970,222,436,376,91
736,581,377,840,18,499,250,813,506,91,579,853,366,398,731,692,569,619,460,91
27,307,383,232,390,360,131,732,644,91,779,621,379,29,734,882,729,762,480,91
214,885,313,220,494,476,104,873,758,91,613,246,653,419,634,335,862,630,569,91
226,871,194,482,895,213,837,931,835,91,301,870,229,6,654,334,20,217,838,91
647,620,294,631,583,118,545,755,60,92,743,707,989,527,948,121,81,839,63,92
157,88,46,895,234,929,630,770,150,92,978,267,958,997,473,509,746,760,235,92
68,572,625,517,290,384,179,871,336,92,748,381,136,943,156,61,320,854,346,92
737,416,85,758,705,485,38,941,343,92,335,805,37,163,62,83,245,897,357,92
677,999,550,365,35,108,598,93,403,92,605,412,349,902,474,151,552,311,367,92
313,941,106,224,588,160,693,769,426,92,632,168,230,201,629,451,599,12,584,92
234,98,93,909,89,209,506,67,792,92,219,95,957,110,788,658,734,615,611,92
97,342,839,868,302,784,360,365,867,92,18,855,841,378,928,345,39,628,747,92
393,994,357,517,375,873,290,452,934,92,358,735,818,488,808,47,220,397,827,92
918,44,719,695,722,769,204,192,974,92,682,191,621,248,608,931,26,713,930,92
866,264,249,774,9,328,983,782,134,93,301,28,952,685,672,401,886,917,49,93
598,943,874,950,438,538,91,144,165,93,987,679,334,149,415,869,172,629,97,93
3,127,69,421,355,953,221,447,201,93,337,370,862,965,674,992,470,308,101,93
173,96,929,558,658,124,252,3,218,93,464,286,94,851,613,851,755,600,154,93
394,672,120,568,336,887,133,263,262,93,152,703,660,242,208,431,920,382,334,93
65,400,254,913,887,147,124,526,269,93,373,542,48,210,581,663,740,239,688,93
354,305,52,432,632,177,485,642,334,93,124,540,460,704,355,699,816,608,702,93
54,569,684,869,224,180,355,41,580,93,326,48,646,204,511,829,380,70,791,93
976,938,294,22,139,171,646,58,921,93,816,587,259,270,843,240,568,500,838,93
771,307,461,940,644,816,741,686,926,93,470,524,737,412,547,57,217,681,881,93
390,234,476,38,737,804,369,721,131,94,412,826,271,178,911,284,371,341,125,94
852,142,273,295,524,67,860,617,332,94,970,118,773,490,570,335,21,158,180,94
740,851,752,287,559,775,935,14,350,94,309,430,762,908,228,790,365,800,460,94
835,863,977,183,820,721,587,504,414,94,564,202,111,620,19,141,526,515,583,94
724,90,811,612,660,225,459,925,472,94,618,492,2,116,794,489,977,68,824,94
654,517,997,691,616,603,783,194,497,94,369,599,514,357,853,72,33,331,837,94
669,888,289,169,509,726,573,578,783,94,503,781,587,520,860,337,666,410,848,94
929,695,84,159,318,588,707,808,892,94,312,437,399,810,659,589,800,643,893,94
753,654,807,373,891,952,495,667,896,94,933,718,119,452,144,293,223,894,895,94
59,939,944,664,271,761,141,815,963,94,64,231,113,579,743,834,844,244,910,94
62,223,566,390,185,351,445,778,0,95,790,462,710,629,565,599,285,852,352,95
855,478,80,64,543,255,972,83,44,95,923,239,532,223,864,212,731,606,441,95
417,271,665,564,971,258,827,350,188,95,474,926,218,306,35,365,456,393,448,95
733,234,907,883,707,182,772,534,256,95,2,39,104,674,816,583,241,274,505,95
516,130,394,505,979,369,953,63,280,95,389,873,140,664,895,328,3,667,505,95
695,824,849,597,569,351,208,648,411,95,592,573,743,708,855,377,85,831,561,95
281,478,855,528,560,668,158,928,500,95,732,736,328,141,358,497,761,337,655,95
145,124,904,22,106,703,156,154,783,95,936,0,469,847,716,224,954,644,892,95
932,634,298,132,229,648,63,175,922,95,311,811,715,486,640,803,640,23,949,95
656,218,352,919,898,533,74,443,950,95,4,961,786,781,832,85,418,966,977,95
404,888,870,693,665,938,181,191,224,96,582,872,131,995,800,194,846,805,40,96
700,720,749,871,853,264,92,481,226,96,616,85,196,866,282,922,324,196,97,96
886,250,217,34,198,748,914,698,330,96,910,563,624,314,246,163,131,455,258,96
243,435,57,3,172,522,696,34,371,96,217,215,650,938,262,172,91,753,280,96
918,747,747,256,979,29,649,416,471,96,642,999,984,820,684,786,312,176,336,96
668,313,977,972,320,500,340,706,490,96,262,50,983,297,118,120,724,644,586,96
857,921,642,925,443,798,657,310,549,96,710,321,1,576,28,336,979,829,629,96
742,986,413,292,816,237,841,287,756,96,552,16,693,334,719,681,941,430,792,96
717,973,150,719,758,544,659,138,779,96,218,968,261,264,487,552,597,561,825,96
401,761,890,506,53,747,736,492,842,96,632,188,86,840,471,909,158,540,834,96
438,375,775,254,117,341,577,770,21,97,708,705,86,653,329,877,527,989,418,97
387,195,500,351,987,54,208,258,38,97,716,7,200,221,17,273,600,886,481,97
366,262,811,641,939,432,895,665,163,97,182,154,883,594,739,995,4,47,533,97
155,455,308,250,683,719,802,154,167,97,933,191,861,802,75,772,19,143,686,97
31,130,871,397,937,998,250,737,307,97,594,787,286,353,387,647,124,143,693,97
537,571,152,623,692,267,718,78,326,97,9,162,334,999,61,427,828,774,761,97
273,125,250,901,457,664,371,724,339,97,553,377,894,320,569,497,692,585,851,97
290,251,979,975,79,503,564,269,368,97,179,689,371,13,309,867,484,323,971,97
590,733,20,144,414,357,166,268,601,97,361,647,367,46,400,397,520,86,976,97
925,772,622,722,887,844,975,492,860,97,72,72,788,646,352,467,84,448,989,97
798,685,84,510,462,964,367,143,2,98,87,328,866,643,866,119,530,464,150,98
274,770,714,776,185,448,567,392,297,98,576,544,452,129,165,212,960,755,169,98
84,404,308,418,444,803,350,735,299,98,677,998,26,821,772,351,152,829,512,98
579,647,704,833,619,562,189,167,437,98,273,89,817,137,254,395,319,637,659,98
272,812,262,474,652,329,282,158,460,98,136,978,663,189,375,125,625,238,753,98
310,633,420,276,712,590,655,50,541,98,740,260,450,395,29,635,642,819,803,98
474,732,279,68,905,746,404,761,558,98,39,982,68,103,396,549,487,164,813,98
433,55,496,970,588,671,884,996,586,98,660,41,154,969,61,810,859,148,821,98
280,138,447,313,370,616,380,578,746,98,571,548,374,389,311,880,280,471,908,98
749,720,734,314,55,139,826,997,765,98,94,71,932,496,859,921,393,567,956,98
805,670,671,79,811,559,459,510,12,99,346,560,744,586,257,652,478,168,26,99
455,304,670,397,229,677,397,24,327,99,649,979,730,149,733,775,700,607,95,99
274,671,899,320,213,994,694,924,354,99,199,625,91,40,850,196,15,970,197,99
916,333,380,855,170,725,839,529,419,99,146,801,901,481,284,955,718,698,439,99
275,249,912,29,164,838,929,948,489,99,149,938,190,305,630,658,544,164,518,99
433,772,255,81,493,961,499,220,538,99,70,979,762,34,732,245,418,930,677,99
352,352,392,928,695,411,821,596,627,99,659,660,132,907,853,372,989,577,775,99
103,334,444,553,237,17,599,24,774,99,608,289,347,685,110,677,683,216,783,99
954,353,460,298,881,706,297,360,813,99,690,811,55,786,207,531,609,504,836,99
787,123,323,232,839,652,136,710,925,99,196,981,452,299,529,342,60,60,935,99
