152,20,275,226,87,106,255,97,30,0
171,188,18,288,168,155,287,190,406,0
240,386,353,104,219,34,336,377,1314,0
248,120,42,296,386,77,183,148,2853,0
32,356,22,289,372,355,374,102,294,1
211,294,177,362,167,197,15,180,592,1
29,221,289,56,321,106,40,389,1273,1
297,317,331,189,193,130,370,230,2149,1
294,284,173,139,29,211,249,375,22,2
236,345,283,2,225,394,367,198,465,2
288,13,249,19,93,237,103,302,1012,2
126,233,92,52,20,336,85,148,3270,2
62,373,217,44,107,390,198,49,1171,3
90,184,47,270,83,348,90,304,1320,3
153,19,73,74,338,241,386,253,2113,3
339,265,310,37,155,341,90,120,3195,3
257,253,126,311,284,283,216,22,49,4
381,173,319,3,355,323,100,319,2673,4
160,191,349,161,244,175,135,43,3341,4
236,191,64,223,34,185,262,341,3495,4
364,4,214,110,181,208,350,238,679,5
127,6,123,0,74,179,92,262,1043,5
209,22,327,189,8,166,192,23,1498,5
49,302,4,154,238,209,152,299,1708,5
278,211,193,3,40,333,363,239,236,6
262,343,167,324,301,212,359,267,1288,6
385,285,276,330,50,200,63,193,2224,6
50,352,4,177,273,257,141,312,2379,6
314,9,237,269,398,185,170,206,354,7
22,52,256,58,72,300,270,171,1037,7
49,2,86,24,101,160,280,240,1998,7
26,324,128,231,139,83,91,295,3873,7
143,130,111,135,325,364,218,60,123,8
158,123,177,387,274,354,26,274,1338,8
7,129,176,7,80,147,233,399,2443,8
85,123,206,358,225,200,275,123,2711,8
386,291,345,23,387,188,101,371,2735,9
153,252,50,35,283,241,287,202,3441,9
65,353,242,218,261,169,389,234,3555,9
5,183,253,26,326,223,165,278,3628,9
74,73,253,253,187,334,190,62,917,10
191,19,90,81,51,221,26,235,2525,10
348,117,219,78,312,246,204,15,2596,10
241,130,388,141,207,248,55,256,3484,10
344,159,258,298,398,241,42,337,2334,11
367,33,19,103,286,346,248,67,2952,11
4,131,376,68,214,334,48,226,3444,11
42,278,256,274,108,144,310,346,3455,11
109,93,355,46,199,361,103,322,1225,12
302,1,149,95,173,397,212,229,1281,12
21,217,36,132,259,78,36,368,2702,12
50,375,57,124,225,16,382,213,3809,12
46,58,323,151,292,387,336,202,1782,13
302,322,207,310,110,182,78,345,2032,13
68,313,150,193,202,294,317,58,3262,13
160,244,389,296,302,101,282,195,3678,13
117,347,78,319,129,100,256,188,296,14
234,65,254,26,256,340,41,259,1033,14
179,231,287,256,295,89,366,371,2004,14
100,150,397,381,235,214,249,72,2054,14
143,92,34,273,394,265,348,224,595,15
118,182,297,255,379,285,99,60,797,15
236,277,200,136,100,262,365,107,1433,15
91,18,313,49,4,363,306,136,1659,15
112,26,198,135,372,315,51,235,945,16
146,181,90,302,62,13,282,38,1033,16
126,244,3,80,155,82,39,298,1233,16
399,324,201,162,121,260,1,385,1294,16
272,252,58,215,365,313,191,191,2744,17
343,280,62,399,393,5,181,218,3373,17
395,11,348,103,385,378,62,79,3395,17
50,292,279,30,266,118,281,321,3533,17
27,273,105,119,96,72,297,271,2411,18
176,235,172,0,173,1,120,270,2618,18
31,57,59,388,40,317,339,103,2735,18
202,291,335,29,322,346,394,112,3974,18
69,272,256,190,89,243,350,2,986,19
90,244,197,223,153,67,233,165,2424,19
108,278,204,106,136,130,84,34,3313,19
348,47,127,135,173,140,319,86,3441,19
139,323,230,171,291,209,74,216,863,20
363,13,375,49,390,100,83,236,2413,20
308,67,191,10,51,317,319,38,3241,20
160,21,120,155,201,215,108,75,3406,20
316,108,152,266,300,266,290,65,896,21
347,367,188,75,329,29,152,271,2805,21
242,58,115,42,119,64,48,106,2838,21
3,4,314,276,244,183,80,160,3766,21
389,216,225,127,151,360,356,258,626,22
160,189,38,152,234,343,202,260,2368,22
331,99,216,2,119,152,368,354,3062,22
292,364,231,210,134,246,50,123,3478,22
259,121,95,69,218,276,71,333,2123,23
330,222,236,392,117,196,3,104,2424,23
25,126,82,84,384,333,196,85,3258,23
291,182,214,164,393,73,347,282,3452,23
208,344,165,14,203,199,386,12,190,24
278,111,84,334,317,249,59,201,922,24
72,197,367,78,355,111,131,207,2664,24
132,77,340,247,324,129,188,214,3547,24
355,54,336,389,260,347,373,176,445,25
170,189,235,289,341,146,44,256,1110,25
249,101,283,59,222,137,176,229,2291,25
19,6,127,37,236,50,104,275,2603,25
49,267,108,162,68,303,177,162,702,26
250,99,33,392,271,127,391,143,2738,26
33,86,140,256,380,309,104,379,2967,26
276,49,201,167,10,167,323,3,3534,26
230,209,94,104,11,27,361,269,356,27
105,152,182,121,250,275,181,290,1074,27
255,325,236,195,244,75,188,46,1844,27
179,115,232,151,171,200,300,198,2342,27
377,237,165,223,235,72,133,336,1743,28
262,277,255,328,366,74,29,23,2926,28
399,205,365,81,141,186,218,309,3042,28
190,29,275,287,304,386,67,347,3807,28
386,121,318,135,69,42,41,75,390,29
319,18,273,364,123,164,225,297,1002,29
20,240,302,44,328,49,77,36,1260,29
318,225,97,293,343,181,287,26,2998,29
313,258,184,223,334,396,397,322,683,30
139,6,315,79,18,128,50,81,891,30
290,104,80,239,270,322,262,21,1419,30
10,16,311,151,264,189,119,24,3889,30
22,285,170,220,237,254,111,18,1632,31
244,195,112,266,315,362,317,179,2484,31
105,288,139,272,202,345,296,379,3272,31
53,138,145,162,37,393,357,78,3757,31
299,337,174,291,245,30,188,340,1178,32
19,147,367,89,290,288,281,279,1627,32
7,225,302,168,361,220,10,143,1955,32
244,301,234,66,167,261,141,182,3603,32
309,114,190,392,241,285,179,175,775,33
67,282,247,268,126,141,71,368,1242,33
315,322,250,187,42,326,165,18,1979,33
115,290,381,140,230,153,135,107,2000,33
68,256,327,300,163,187,140,116,498,34
353,362,131,143,65,5,376,277,502,34
312,298,227,301,329,322,336,89,2552,34
94,188,138,193,14,108,118,220,2627,34
264,362,357,310,0,76,70,28,89,35
392,206,199,323,42,257,70,348,1253,35
303,362,353,69,36,387,378,221,1402,35
155,345,116,48,264,222,96,326,3402,35
299,31,212,99,23,212,79,225,3594,36
88,25,384,70,285,283,205,83,3733,36
163,333,44,141,90,95,344,251,3932,36
125,10,283,50,44,123,351,185,3975,36
224,300,250,151,224,317,71,334,1000,37
329,375,384,258,63,300,40,374,2137,37
76,338,320,375,354,368,301,318,2638,37
162,174,202,127,171,352,128,140,3216,37
244,37,103,166,160,322,8,332,833,38
398,298,69,263,338,46,275,61,1893,38
131,100,249,54,141,176,238,183,2179,38
130,2,386,146,45,282,308,220,2614,38
24,100,204,174,114,83,163,322,1332,39
113,61,383,158,358,324,340,266,2317,39
309,312,302,329,340,244,125,17,2943,39
108,119,167,262,18,176,296,81,3334,39
1,212,161,241,338,262,350,291,156,40
149,298,393,344,127,173,307,257,1041,40
243,178,148,360,381,271,373,70,1061,40
207,350,175,246,149,372,243,27,3168,40
199,255,382,62,51,184,330,152,663,41
282,57,283,103,238,6,336,223,1510,41
290,353,317,372,5,74,241,7,1917,41
15,161,237,336,315,203,81,172,2549,41
145,303,379,23,315,193,207,153,184,42
13,285,50,69,91,60,283,229,926,42
193,91,320,311,254,133,329,39,2005,42
169,119,357,171,300,382,218,342,3349,42
144,42,77,90,116,245,276,202,131,43
394,346,218,144,203,185,161,127,1284,43
357,13,380,215,290,276,66,134,3371,43
18,198,277,83,48,174,185,136,3951,43
363,84,68,281,40,282,258,209,68,44
230,339,323,335,236,339,131,317,146,44
124,334,379,359,310,351,351,230,388,44
391,280,171,44,231,9,133,94,2602,44
86,179,93,329,203,236,176,218,537,45
189,109,291,320,188,31,152,10,1863,45
33,101,295,201,262,185,3,141,3043,45
89,215,389,263,16,202,112,91,3699,45
380,0,347,158,159,15,313,367,44,46
285,399,208,285,345,327,154,395,1033,46
146,250,255,56,47,107,230,15,1837,46
336,97,244,105,204,167,173,23,2412,46
235,244,55,321,393,330,375,293,83,47
397,372,367,173,389,279,323,88,2177,47
192,359,384,192,32,373,259,384,2647,47
76,241,111,83,4,328,377,150,3068,47
351,176,211,43,130,295,15,90,223,48
314,1,249,395,183,251,64,249,1150,48
104,216,273,40,151,286,75,262,2318,48
82,376,81,373,61,323,340,284,3238,48
310,226,33,134,120,151,385,176,270,49
354,80,245,155,200,286,230,304,1312,49
341,51,131,108,196,247,378,33,2536,49
85,118,349,113,265,247,281,178,3654,49
232,149,203,182,31,233,75,300,20,50
154,295,197,38,255,392,0,195,728,50
293,320,121,367,283,11,263,300,1020,50
102,131,51,228,155,274,166,386,3833,50
155,117,212,277,387,18,104,150,611,51
295,147,343,276,345,63,135,23,2327,51
231,12,179,135,156,149,280,138,3722,51
168,335,110,81,358,23,333,351,3799,51
194,219,333,176,163,360,229,176,325,52
181,330,332,310,215,351,353,324,1176,52
260,310,1,82,218,345,184,296,1321,52
12,276,312,161,162,37,322,171,3155,52
202,103,191,152,348,149,205,94,865,53
45,206,18,15,0,195,187,2,1021,53
265,20,55,185,44,157,296,13,1116,53
54,363,200,374,304,114,51,137,1205,53
204,329,13,383,258,236,257,223,1761,54
169,32,58,343,113,106,9,187,1948,54
221,101,0,294,330,330,273,186,2572,54
76,327,369,238,34,144,381,294,3881,54
171,153,284,50,243,238,94,113,323,55
170,388,14,286,147,276,341,189,590,55
222,234,333,205,331,224,28,6,632,55
355,371,156,260,377,306,288,9,1913,55
258,78,375,49,87,247,113,154,157,56
187,250,99,347,202,396,147,217,1675,56
308,380,14,182,230,196,39,270,2228,56
271,311,240,256,227,168,18,93,3292,56
357,389,61,177,256,280,76,86,115,57
101,273,90,129,363,154,97,185,2079,57
361,97,84,290,269,360,374,286,3134,57
168,129,320,195,199,71,240,5,3266,57
26,227,164,119,46,166,162,145,1269,58
330,138,376,25,290,33,183,317,3041,58
315,137,244,15,168,58,385,83,3183,58
224,206,232,38,115,205,45,73,3805,58
129,68,82,138,11,376,372,203,506,59
69,234,294,279,281,99,223,207,619,59
84,320,73,17,82,103,109,391,3191,59
217,17,132,325,55,275,101,170,3678,59
25,189,92,366,187,192,73,249,283,60
28,248,20,36,364,290,357,109,370,60
111,384,55,173,314,56,85,206,1426,60
72,161,44,127,360,168,140,185,3575,60
212,398,265,298,237,340,218,353,322,61
377,64,122,152,11,343,46,120,2170,61
380,155,104,350,125,47,284,33,2569,61
337,347,10,337,300,154,73,228,3392,61
173,47,307,138,276,198,223,161,60,62
67,270,359,216,174,312,126,230,654,62
201,127,174,138,231,356,388,267,1528,62
316,282,365,153,200,397,232,285,3937,62
268,163,257,368,64,118,156,340,1577,63
152,171,180,217,219,64,80,224,1754,63
212,282,113,14,157,335,392,367,1996,63
381,37,200,300,81,399,320,115,3000,63
11,59,383,366,45,36,124,115,624,64
0,259,187,307,8,36,119,76,1580,64
39,101,25,166,37,61,22,202,3492,64
179,332,152,243,56,323,317,320,3808,64
275,166,371,229,218,2,341,202,2405,65
159,266,22,216,367,34,341,16,2607,65
378,93,171,234,289,398,136,175,2807,65
61,257,125,267,358,17,172,117,3347,65
190,270,345,149,312,279,198,324,1529,66
0,177,173,303,163,291,119,110,3697,66
296,271,228,204,237,321,39,97,3865,66
32,326,129,206,286,104,53,2,3954,66
29,113,65,16,55,290,53,254,56,67
239,282,228,199,383,108,72,258,108,67
97,64,121,81,298,380,31,93,1996,67
283,145,300,288,46,243,60,145,2713,67
193,98,182,7,80,233,369,365,275,68
323,240,374,68,398,127,339,276,628,68
336,377,34,232,170,201,59,348,2344,68
339,345,174,211,134,159,9,66,3933,68
362,247,378,163,215,19,63,292,411,69
389,179,89,145,207,259,386,63,2602,69
382,368,132,268,132,92,292,158,2839,69
241,335,20,389,3,156,233,315,2954,69
119,66,160,204,296,0,322,89,188,70
398,22,9,91,52,239,205,379,2469,70
0,264,85,388,352,41,70,275,2478,70
281,265,66,158,132,90,359,152,3569,70
147,315,126,258,203,288,80,103,607,71
172,290,218,354,213,152,386,99,641,71
44,69,352,105,133,214,238,396,2251,71
263,202,344,163,176,342,67,257,3182,71
34,49,97,355,358,267,155,230,7,72
147,107,306,205,346,249,140,72,1375,72
155,171,209,183,257,2,362,300,1558,72
57,180,135,41,67,88,207,185,3315,72
216,132,384,225,96,176,155,53,1182,73
9,141,298,187,206,114,80,398,2560,73
116,259,282,120,66,367,339,139,2599,73
218,31,35,284,398,88,59,360,2721,73
365,32,161,339,165,284,109,332,85,74
134,284,100,210,238,134,291,378,735,74
296,254,149,38,44,210,268,321,1679,74
83,63,57,108,316,318,79,238,3412,74
344,357,279,263,132,108,46,122,732,75
260,266,9,258,323,341,253,142,1850,75
356,338,105,99,111,81,337,9,2223,75
391,20,394,199,359,290,234,224,3582,75
200,90,146,208,331,131,211,175,373,76
385,143,181,128,26,257,310,33,437,76
313,231,80,198,172,259,198,392,665,76
49,61,204,146,238,342,149,312,1009,76
102,347,322,183,154,173,111,246,331,77
186,158,395,249,193,289,195,329,751,77
285,13,317,352,113,121,389,271,1703,77
201,90,355,327,222,338,110,399,2000,77
45,317,21,187,174,276,87,114,424,78
162,218,37,20,342,141,138,363,1836,78
202,4,89,83,251,311,259,94,2428,78
285,149,87,21,276,340,58,242,3506,78
228,181,22,205,257,358,112,11,210,79
351,133,250,170,219,335,275,309,2271,79
395,226,149,41,378,217,352,179,2852,79
145,180,10,317,49,50,118,387,3357,79
181,75,88,96,323,153,195,301,418,80
140,27,179,316,296,361,353,271,1540,80
263,84,23,326,339,323,194,183,2927,80
262,275,12,99,46,340,276,356,3935,80
204,333,324,393,361,12,320,58,1537,81
134,22,95,344,344,218,373,91,2880,81
244,201,327,333,143,335,131,250,3762,81
268,366,74,242,163,18,74,70,3898,81
1,10,312,136,297,229,357,20,91,82
167,60,194,366,274,321,301,40,617,82
252,24,175,87,6,307,162,195,1076,82
69,362,115,326,328,233,139,256,3777,82
332,192,59,315,13,1,80,16,726,83
201,322,88,65,276,148,142,22,2252,83
300,7,385,36,161,258,394,192,2613,83
94,395,190,147,344,255,72,269,3409,83
12,289,234,17,148,389,380,117,366,84
315,310,191,39,391,282,289,51,911,84
145,338,205,278,265,194,260,124,1066,84
244,322,399,58,221,146,226,232,2103,84
301,152,375,284,321,383,338,133,2219,85
105,301,36,266,31,393,303,237,2224,85
69,216,181,336,110,63,190,230,2559,85
378,359,379,347,226,285,180,194,3501,85
22,245,268,250,379,130,47,357,1067,86
292,354,257,139,344,213,8,322,1274,86
207,155,386,277,303,30,157,136,1464,86
11,26,326,339,230,47,216,34,2625,86
321,79,230,173,180,0,347,133,1847,87
167,357,290,278,202,288,239,12,2627,87
305,130,331,159,254,194,252,355,3754,87
318,18,106,337,147,229,237,261,3967,87
122,322,299,380,128,222,386,39,673,88
99,365,255,96,337,91,154,349,1562,88
229,128,45,139,281,145,390,196,1608,88
135,331,160,132,138,72,178,351,3023,88
290,231,179,154,286,379,1,145,299,89
197,130,250,92,276,377,225,51,309,89
286,253,209,227,226,298,251,361,898,89
115,137,255,251,8,153,357,46,2972,89
23,373,206,224,143,183,333,136,80,90
375,50,24,300,137,180,313,128,1034,90
165,285,321,39,370,256,398,237,1774,90
319,384,157,12,106,166,179,93,3769,90
374,214,22,174,133,55,170,161,2352,91
188,8,80,304,61,183,65,326,3365,91
93,71,184,59,399,35,163,154,3600,91
368,266,93,174,165,193,240,112,3989,91
334,263,249,152,61,226,368,371,321,92
192,156,7,122,44,16,207,102,568,92
155,248,177,328,137,385,97,67,2394,92
189,391,63,33,252,215,374,277,2513,92
397,105,259,391,168,372,155,155,931,93
323,384,373,335,197,122,39,97,1723,93
399,348,394,201,37,158,361,135,1814,93
386,271,199,172,244,325,263,25,2764,93
298,347,358,382,347,64,345,262,136,94
367,298,155,95,82,235,350,19,1993,94
53,149,162,194,158,91,399,71,2470,94
143,288,197,246,122,392,386,105,3127,94
92,160,58,269,244,65,387,230,84,95
85,276,298,396,153,0,79,357,1442,95
48,289,326,270,71,250,23,212,1525,95
9,223,292,158,268,166,271,385,2090,95
83,234,163,135,136,345,192,167,394,96
135,14,360,398,211,120,81,228,2053,96
50,126,362,238,398,208,272,244,2173,96
353,298,316,41,81,269,204,4,2271,96
281,33,5,159,232,254,135,266,216,97
90,234,272,243,328,260,374,199,807,97
220,331,323,301,86,283,137,299,1311,97
297,96,212,134,99,299,202,326,3431,97
258,99,268,134,210,209,224,397,419,98
279,155,60,55,326,15,235,158,1724,98
29,251,72,265,78,26,172,178,2103,98
210,41,235,96,202,145,365,397,3859,98
97,195,14,397,229,256,147,266,1208,99
57,148,86,205,189,172,118,163,1752,99
3,197,304,63,182,266,129,373,3394,99
309,41,132,207,255,174,347,204,3821,99
